1,Kimberly,Tilliards,ktilliards0@deviantart.com,Genderqueer,Topicware,Živinice
2,Bennie,Smitherham,bsmitherham1@skype.com,Female,Realmix,Leworook
3,Emmanuel,Durham,edurham2@shutterfly.com,Male,Divanoodle,Santa Rosa del Sara
4,Walt,Agget,wagget3@photobucket.com,Bigender,Dazzlesphere,Unquillo
5,Kelsey,Davydenko,kdavydenko4@state.gov,Polygender,Jabberstorm,Söderhamn
6,Billy,Ebertz,bebertz5@goo.ne.jp,Female,Livepath,Bahorí
7,Kaylee,Nerheny,knerheny6@ibm.com,Agender,Flipopia,Gontar
8,Aimil,Fitzpayn,afitzpayn7@jimdo.com,Male,Dabjam,Ljungsbro
9,Darnell,Caddell,dcaddell8@ebay.com,Polygender,Yakidoo,Rautalampi
10,Tarah,Logg,tlogg9@wufoo.com,Non-binary,Rhybox,Shimen
11,Melisse,Sigmund,msigmunda@amazon.co.jp,Female,Yata,Nayoro
12,Petronille,McMorran,pmcmorranb@google.de,Polygender,Buzzbean,Merapit
13,Thedric,Challicum,tchallicumc@netvibes.com,Female,Fivechat,Hubei
14,Reba,Gowdridge,rgowdridged@time.com,Female,Voomm,Libas
15,Tam,Mordey,tmordeye@abc.net.au,Non-binary,Photobug,Cinagrog Girang
16,Arlette,Rootes,arootesf@washington.edu,Genderfluid,Dabshots,Antopal’
17,Lonnie,Screeton,lscreetong@google.co.jp,Non-binary,Topicblab,Thị Trấn Tam Điệp
18,Rube,Eldershaw,reldershawh@xing.com,Female,Jayo,Tanahmerah
19,Malina,Van der Daal,mvanderdaali@google.com.br,Genderfluid,Wordify,Sidareja
20,Tanner,Terrans,tterransj@shop-pro.jp,Agender,Eayo,Likhoy
21,Parry,Corsar,pcorsark@surveymonkey.com,Female,Dabfeed,Syracuse
22,Farica,MacColl,fmaccolll@naver.com,Male,Tavu,Zuwārah
23,Coletta,Millership,cmillershipm@rakuten.co.jp,Male,Shufflester,Loma Bonita
24,Brade,Bover,bbovern@amazon.co.jp,Genderfluid,Jatri,Roche Terre
25,Ricca,Kerrane,rkerraneo@jalbum.net,Male,Rhynyx,Baixi
26,Ashien,Cripps,acrippsp@angelfire.com,Bigender,Meembee,Yuping
27,Kathryn,Olijve,kolijveq@theatlantic.com,Female,Talane,Port Saint John’s
28,Flin,Emmatt,femmattr@epa.gov,Genderqueer,Oba,Ruma
29,Vaughn,Burnip,vburnips@smugmug.com,Genderqueer,Innotype,Machado
30,Lionel,Rolley,lrolleyt@uol.com.br,Non-binary,LiveZ,Viana
31,Wilbert,Lampl,wlamplu@jiathis.com,Genderfluid,Edgepulse,Ea Drăng
32,Karee,Potticary,kpotticaryv@dion.ne.jp,Genderfluid,Centimia,Powassan
33,Rycca,Addyman,raddymanw@usatoday.com,Male,Gabcube,Adil Makmur
34,Marco,O'Grogane,mogroganex@networkadvertising.org,Genderqueer,Fatz,Unión
35,Bonita,Coen,bcoeny@google.fr,Bigender,Thoughtsphere,Olenyok
36,Jada,Udey,judeyz@weebly.com,Genderfluid,Digitube,Betulia
37,Ermengarde,Scamerden,escamerden10@boston.com,Non-binary,Oyope,Miaoquan
38,Emery,Burvill,eburvill11@shinystat.com,Agender,Realfire,Montpellier
39,Chloris,Blazic,cblazic12@xing.com,Genderqueer,Youfeed,Sami
40,Jean,Matchett,jmatchett13@nature.com,Female,Dabtype,Las Vegas
41,Suzie,Philo,sphilo14@a8.net,Bigender,Jabbersphere,Yiliu
42,Jorry,Pettigree,jpettigree15@typepad.com,Genderfluid,Trunyx,Jun’an
43,Jori,McColgan,jmccolgan16@mapquest.com,Agender,Skyble,Skarżysko-Kamienna
44,Winslow,Jelkes,wjelkes17@macromedia.com,Agender,Devpoint,Ridder
45,Gaspard,Suscens,gsuscens18@adobe.com,Male,Jetpulse,Mahanoro
46,Emery,Hyam,ehyam19@themeforest.net,Genderfluid,Quinu,Xiongzhang
47,Brynna,O'Downe,bodowne1a@macromedia.com,Agender,Yakidoo,Diaopu
48,Garrot,Hawkings,ghawkings1b@purevolume.com,Agender,Jaxworks,Stuttgart
49,Cristionna,Franses,cfranses1c@friendfeed.com,Agender,Meedoo,Krosno
50,Fayina,Bertelsen,fbertelsen1d@prnewswire.com,Genderfluid,Flashpoint,Rukem
51,Moreen,Deniscke,mdeniscke1e@blogger.com,Polygender,Brainbox,Balitai
52,Rogers,Ghioni,rghioni1f@tiny.cc,Polygender,Fanoodle,Qinnan
53,Chen,Storks,cstorks1g@timesonline.co.uk,Female,Thoughtstorm,Shaping
54,Sigfrid,Ellerton,sellerton1h@weibo.com,Genderfluid,Tagcat,Takaoka
55,Aurilia,Pogue,apogue1i@yahoo.com,Female,Fiveclub,Puente Nacional
56,Rubi,Oylett,roylett1j@gizmodo.com,Genderqueer,Yata,Moulins
57,Athene,MacCallam,amaccallam1k@mit.edu,Bigender,Plambee,Roma
58,Chucho,Sobieski,csobieski1l@blogs.com,Female,Voolith,Ankola
59,Elton,Alkin,ealkin1m@cocolog-nifty.com,Genderfluid,Lazz,Ankou
60,Adah,Burkart,aburkart1n@bandcamp.com,Female,Abatz,Yanhe
61,Bevvy,Pinchen,bpinchen1o@nytimes.com,Bigender,Vidoo,Pasadena
62,Noak,Gason,ngason1p@latimes.com,Genderqueer,Gigabox,Svobody
63,Dominik,Rosenstock,drosenstock1q@cdc.gov,Bigender,Brainlounge,Tanrake Village
64,Tulley,Coddrington,tcoddrington1r@spiegel.de,Female,Topicstorm,Timbuktu
65,Kirsten,Renney,krenney1s@myspace.com,Polygender,Twinte,Tylicz
66,Pat,Kear,pkear1t@npr.org,Genderqueer,Wordware,Tanabe
67,Laurens,Flowitt,lflowitt1u@cargocollective.com,Bigender,Midel,New York City
68,Kellina,Corteney,kcorteney1v@twitpic.com,Polygender,Photobug,Padhahegha
69,Brendis,Shawcross,bshawcross1w@discuz.net,Genderfluid,Zoomzone,Torrijos
70,Sarge,Baradel,sbaradel1x@dailymotion.com,Male,Chatterbridge,Sirnarasa
71,Izabel,Ratnege,iratnege1y@wikia.com,Male,Avamba,Czeremcha
72,Jeremy,Lemmer,jlemmer1z@cnet.com,Bigender,Brainverse,Vareš
73,Pam,Killcross,pkillcross20@arstechnica.com,Male,Zava,Czarna
74,Colene,Chaney,cchaney21@intel.com,Male,Fiveclub,Shibata
75,Charles,Giraudat,cgiraudat22@google.com,Male,Dabjam,Vihāri
76,Zaria,Stroobant,zstroobant23@studiopress.com,Genderfluid,Zoomzone,Caracal
77,Bartolomeo,Skep,bskep24@hibu.com,Male,Thoughtstorm,Sanli
78,Ginevra,Bromby,gbromby25@geocities.jp,Male,Jayo,Rislane
79,Chevy,Stallworth,cstallworth26@mozilla.org,Genderfluid,Flipopia,Bitung
80,Moe,Vaissiere,mvaissiere27@baidu.com,Genderfluid,Jaxnation,Nazaré da Mata
81,Amitie,Panting,apanting28@hatena.ne.jp,Female,Plambee,Sinarbakti
82,Cristabel,Polk,cpolk29@webmd.com,Female,Brainbox,Lenger
83,Ennis,Moncreiffe,emoncreiffe2a@newsvine.com,Bigender,Wikizz,Mantes-la-Jolie
84,Harri,Witard,hwitard2b@rakuten.co.jp,Bigender,Yabox,Ayang-ni
85,Marcelle,Duckinfield,mduckinfield2c@gmpg.org,Bigender,Plajo,Erdaocha
86,Wilt,Reace,wreace2d@eepurl.com,Polygender,Rhycero,Chitose
87,Evelyn,Dulany,edulany2e@tinypic.com,Agender,Skivee,Ayna
88,Lottie,Livesay,llivesay2f@phoca.cz,Genderfluid,Tagpad,Samut Songkhram
89,Hyacinth,Kirimaa,hkirimaa2g@sourceforge.net,Genderfluid,Cogilith,Tāklisah
90,Tobye,Bowich,tbowich2h@timesonline.co.uk,Female,Zoombox,Mamuša
91,Devina,Jaegar,djaegar2i@wikispaces.com,Bigender,Youopia,Orlando
92,Aleen,Rosencwaig,arosencwaig2j@google.nl,Male,Nlounge,Quebo
93,Moina,Jerosch,mjerosch2k@liveinternet.ru,Bigender,Babbleopia,Rezh
94,Colby,Tandy,ctandy2l@bbb.org,Male,Skimia,Kipen’
95,Kirstin,Licciardello,klicciardello2m@blinklist.com,Male,Ntag,Repelón
96,Thibaut,Hancorn,thancorn2n@cafepress.com,Agender,Divanoodle,Oklahoma City
97,Gino,Schirok,gschirok2o@dagondesign.com,Agender,Rhyloo,Palma Gil
98,Johna,Dell Casa,jdellcasa2p@topsy.com,Bigender,Shuffletag,Krupanj
99,Basil,Gehringer,bgehringer2q@surveymonkey.com,Polygender,Skibox,Huasahuasi
100,Shanan,Samter,ssamter2r@techcrunch.com,Non-binary,Zoomzone,Santa Marta de Penaguião
101,Euell,Huxtable,ehuxtable2s@scribd.com,Genderfluid,Edgetag,Quatro Barras
102,Hamilton,Gatesman,hgatesman2t@samsung.com,Bigender,Fadeo,Camagüey
103,Jefferson,Stuttman,jstuttman2u@home.pl,Polygender,Babbleopia,Fagatogo
104,Oriana,Kidman,okidman2v@salon.com,Bigender,Skalith,Benzilan
105,Markos,Buer,mbuer2w@about.com,Bigender,JumpXS,Weishanzhuang
106,Karyl,Petran,kpetran2x@eventbrite.com,Genderqueer,Eadel,Newark
107,Georgine,Inch,ginch2y@behance.net,Genderfluid,Vinte,Mikhaylovsk
108,Hal,Riccardi,hriccardi2z@paypal.com,Non-binary,Roodel,Askiz
109,Cammie,Kinnaird,ckinnaird30@examiner.com,Polygender,Mymm,Kukuna
110,Marcela,Kindle,mkindle31@is.gd,Female,Feedfire,Paterson
111,Siana,Sibylla,ssibylla32@about.me,Genderqueer,Edgetag,Rajūzah
112,Julissa,Urling,jurling33@home.pl,Non-binary,Twitterbridge,Sebedo
113,Camilla,Aiston,caiston34@theatlantic.com,Male,Mudo,Zhougao
114,Tabatha,Butterley,tbutterley35@amazon.de,Non-binary,Jatri,Roslavl’
115,Goddart,Demanche,gdemanche36@engadget.com,Genderqueer,Edgeclub,Madison
116,Lonnie,Wilne,lwilne37@google.co.uk,Non-binary,Fivespan,Buchou
117,Cheri,Mewhirter,cmewhirter38@psu.edu,Non-binary,Youspan,Qiqing
118,Caron,Willoughey,cwilloughey39@census.gov,Bigender,Feednation,Rachanie
119,Liane,Blampy,lblampy3a@addtoany.com,Non-binary,Voomm,Hongguang
120,Reine,Windley,rwindley3b@nymag.com,Polygender,Youtags,Yambol
121,Darryl,Macconachy,dmacconachy3c@imgur.com,Agender,Jetpulse,Ágios Geórgios
122,Monika,McCurdy,mmccurdy3d@squarespace.com,Agender,Brightdog,Korem
123,Tamma,Borton,tborton3e@oracle.com,Agender,Oloo,Majan
124,Susanna,Beeken,sbeeken3f@amazon.de,Agender,Skivee,Campos do Jordão
125,Quentin,Rysdale,qrysdale3g@washingtonpost.com,Genderqueer,Trupe,Yangjiao
126,Rozanna,Okenden,rokenden3h@elegantthemes.com,Male,Brainbox,Bus’k
127,Jerrilee,O'Crowley,jocrowley3i@1688.com,Genderfluid,Linklinks,Ózd
128,Stefa,Saffe,ssaffe3j@wisc.edu,Agender,Twinder,Soko
129,Margarethe,Ferber,mferber3k@diigo.com,Polygender,Babbleopia,Zhoukou
130,Otha,Laurant,olaurant3l@taobao.com,Bigender,Fanoodle,Massy
131,Pietro,Rumbold,prumbold3m@ibm.com,Polygender,Meeveo,Alençon
132,Ricoriki,MacPhaden,rmacphaden3n@nba.com,Non-binary,Youbridge,Paço de Arcos
133,Merralee,O'Henery,mohenery3o@eepurl.com,Male,Myworks,Daloa
134,Giselle,Thaxter,gthaxter3p@godaddy.com,Female,Oodoo,Bessonovka
135,Hadrian,Lewer,hlewer3q@ihg.com,Agender,Eazzy,Henghe
136,Eleonora,Jeffree,ejeffree3r@msn.com,Bigender,Jayo,Lyubar
137,Janeen,Kinsley,jkinsley3s@youtu.be,Non-binary,Twitterworks,Umeå
138,Jeno,Moen,jmoen3t@ox.ac.uk,Genderqueer,Devpoint,Dolgoderevenskoye
139,Daryl,Kelston,dkelston3u@ca.gov,Male,Ooba,Xindu
140,Gustavus,Jessep,gjessep3v@meetup.com,Bigender,Demivee,Kowary
141,Rena,Rawood,rrawood3w@reference.com,Female,InnoZ,Mamfe
142,Angy,Baird,abaird3x@ocn.ne.jp,Genderfluid,Skibox,Jequitinhonha
143,Merline,Grainger,mgrainger3y@creativecommons.org,Bigender,Tagchat,Bojongsari
144,Ariel,Carsey,acarsey3z@ask.com,Genderqueer,Demizz,Donostia-San Sebastian
145,Valery,Rosenbloom,vrosenbloom40@tumblr.com,Genderfluid,Jetpulse,Bom Jesus da Lapa
146,Charleen,Hurler,churler41@oracle.com,Male,Roodel,Metu
147,Yard,Gosland,ygosland42@histats.com,Non-binary,Voonder,Pustomyty
148,Marline,Caccavella,mcaccavella43@google.com.au,Agender,Viva,Burnside
149,Danell,Yeude,dyeude44@jigsy.com,Polygender,Latz,Zelenodolsk
150,Evangelin,Okenden,eokenden45@gmpg.org,Agender,Jaxspan,Wajir
151,Deeyn,Tordoff,dtordoff46@cbslocal.com,Polygender,Viva,Sharm el-Sheikh
152,Sharla,Scaife,sscaife47@cbsnews.com,Agender,Vidoo,Alexandria
153,Katusha,Laurenty,klaurenty48@independent.co.uk,Male,Fiveclub,Libog
154,Ebeneser,Marcroft,emarcroft49@amazon.com,Bigender,Twitterworks,Nyköping
155,Morry,Rozsa,mrozsa4a@topsy.com,Genderfluid,Topiclounge,Temuji
156,Jerald,Coldham,jcoldham4b@facebook.com,Agender,Demimbu,Niort
157,Jo ann,Furmage,jfurmage4c@storify.com,Male,Meedoo,Chaowai
158,Almeria,Baszniak,abaszniak4d@comcast.net,Male,Bluejam,Qianjia
159,Enriqueta,Mews,emews4e@ifeng.com,Genderqueer,Pixoboo,Mtsamdou
160,Truda,MacAulay,tmacaulay4f@rakuten.co.jp,Non-binary,InnoZ,Kakegawa
161,Lynda,Lecount,llecount4g@msn.com,Non-binary,Jetpulse,Krasnokuts’k
162,Cicely,Barus,cbarus4h@dedecms.com,Genderfluid,Zoombox,Pećigrad
163,Bee,Dyson,bdyson4i@sbwire.com,Polygender,Kanoodle,Hougaoshizhuang
164,Joanie,Yandell,jyandell4j@multiply.com,Non-binary,Tagtune,Shanghu
165,Bennett,Penhaligon,bpenhaligon4k@qq.com,Bigender,Twinder,Talisayan
166,Ravi,McKeachie,rmckeachie4l@un.org,Agender,Rhyzio,Pyshchug
167,Aridatha,Kynoch,akynoch4m@state.gov,Agender,Zoozzy,Chapultepec
168,Shaylah,Di Carli,sdicarli4n@imageshack.us,Male,Trudeo,Bocaiúva
169,Amalie,Hynd,ahynd4o@addtoany.com,Non-binary,Voonte,Ţāqchah Khānah
170,Kenton,Recher,krecher4p@newyorker.com,Male,Midel,Kalidung
171,Morse,Murrish,mmurrish4q@jalbum.net,Non-binary,Agimba,Baizhong
172,Aidan,Ollander,aollander4r@aboutads.info,Non-binary,Twitterworks,Richmond
173,Letta,Fernan,lfernan4s@mashable.com,Non-binary,Yakidoo,Rēzekne
174,Krispin,Broodes,kbroodes4t@amazon.co.uk,Polygender,Rhyloo,Danauparis
175,Shirl,Esbrook,sesbrook4u@parallels.com,Genderfluid,Twitterworks,Matamey
176,Faina,Benford,fbenford4v@google.fr,Agender,Kayveo,Suvorovo
177,Constantino,Harflete,charflete4w@si.edu,Male,Quimba,Manwakh
178,Rob,Pretty,rpretty4x@google.com.au,Male,Oyonder,Craigavon
179,Agata,Conklin,aconklin4y@drupal.org,Agender,Thoughtworks,Karangdawa Barat
180,Hillel,Sigmund,hsigmund4z@infoseek.co.jp,Male,Agimba,Tolotangga
181,Leroi,Barhims,lbarhims50@admin.ch,Genderqueer,Jabberbean,Yeoju
182,Cazzie,Mate,cmate51@t.co,Male,Gigabox,Chencun
183,Gerda,Girvin,ggirvin52@buzzfeed.com,Male,Browseblab,Cadiz
184,Kattie,Gourlie,kgourlie53@google.com.hk,Non-binary,Livefish,Minneapolis
185,Michael,Smeath,msmeath54@washingtonpost.com,Genderfluid,Zoomcast,Ilongero
186,Hurlee,Comber,hcomber55@macromedia.com,Male,Ooba,Camiri
187,Jonas,Godthaab,jgodthaab56@ezinearticles.com,Agender,Oyondu,Brusyanka
188,Rourke,Hatchett,rhatchett57@blinklist.com,Genderqueer,Eire,Łaskarzew
189,Lynn,Dubble,ldubble58@wix.com,Bigender,Browsedrive,Tongshan
190,Briny,Ropkes,bropkes59@goodreads.com,Male,Lazz,Lianxia
191,Stanly,Haughton,shaughton5a@wikipedia.org,Agender,Bubblebox,Talisayan
192,Edd,Loader,eloader5b@dell.com,Polygender,Edgewire,Lieqiao
193,Jenifer,Gerred,jgerred5c@buzzfeed.com,Genderqueer,Pixope,Batangan
194,Raf,Tuting,rtuting5d@nhs.uk,Agender,Kare,Ilhéus
195,Libbey,Yourell,lyourell5e@lycos.com,Polygender,Midel,Linxia Chengguanzhen
196,Lynn,Margrem,lmargrem5f@fda.gov,Agender,Divape,Avesta
197,Lamond,Swainson,lswainson5g@uiuc.edu,Female,Skajo,Seixo de Manhoses
198,Carmine,Avesque,cavesque5h@eepurl.com,Male,Zoonoodle,El Calvario
199,Kerwinn,Macartney,kmacartney5i@theguardian.com,Polygender,Zoomlounge,Jiashi
200,Gillian,Gainsburgh,ggainsburgh5j@cbc.ca,Female,Bluezoom,Mingcheng
201,Kipp,Lefever,klefever5k@shop-pro.jp,Polygender,Youtags,Além
202,Merill,Sprakes,msprakes5l@dell.com,Bigender,Vitz,Gudauta
203,Yalonda,Briggdale,ybriggdale5m@vk.com,Male,Photospace,Amagasaki
204,Montague,Belsher,mbelsher5n@linkedin.com,Female,Ailane,Hadžići
205,Emmit,Maldin,emaldin5o@nba.com,Genderqueer,Yodoo,Changlong
206,Sharity,Foskett,sfoskett5p@macromedia.com,Male,Reallinks,Sabae
207,Thom,Dempsey,tdempsey5q@ucoz.com,Polygender,Jaloo,Benito Juarez
208,Valentino,Thomsson,vthomsson5r@japanpost.jp,Female,Youspan,Sanxi
209,Druci,Dottrell,ddottrell5s@scientificamerican.com,Male,Livetube,Pulau Pinang
210,Jimmy,Pearsall,jpearsall5t@nhs.uk,Bigender,Eayo,Nuamuzi
211,Shoshanna,Jarville,sjarville5u@bluehost.com,Polygender,Mynte,Xiangdong
212,Ruttger,Yukhnev,ryukhnev5v@simplemachines.org,Genderqueer,Tazz,Francisco I Madero
213,Ambrosio,Ludye,aludye5w@technorati.com,Genderqueer,Wordify,Rājshāhi
214,Bendite,McAlinion,bmcalinion5x@reuters.com,Female,Feedfire,Ma‘lūlā
215,Orran,McEwen,omcewen5y@newsvine.com,Agender,Quamba,Wonotirto
216,Betteanne,Gendrich,bgendrich5z@hubpages.com,Bigender,Ainyx,Berestechko
217,Vanda,Culleton,vculleton60@imgur.com,Female,Chatterbridge,Minzheng
218,Dora,Stallard,dstallard61@goo.ne.jp,Bigender,Oyoloo,Bugko
219,Sig,Elion,selion62@japanpost.jp,Bigender,Ozu,Klampok
220,Renee,Puckinghorne,rpuckinghorne63@dailymotion.com,Bigender,Devpoint,Shichuan
221,Laina,De Cleen,ldecleen64@github.io,Genderfluid,Dabtype,Kulpin
222,Edyth,Pounsett,epounsett65@mayoclinic.com,Non-binary,Vipe,Semampirbarat
223,Cameron,Tuminini,ctuminini66@nifty.com,Bigender,Skinder,Alagoinhas
224,Cathyleen,Camelia,ccamelia67@blogspot.com,Genderfluid,Blogtags,Sayama
225,Syd,Dalziell,sdalziell68@devhub.com,Agender,Skyble,Los Charrúas
226,Rick,O'Hoolahan,rohoolahan69@wordpress.org,Polygender,Flipbug,Bemposta
227,Brewer,Goldstone,bgoldstone6a@4shared.com,Genderqueer,Meevee,Lukou
228,Cacilie,Llorente,cllorente6b@huffingtonpost.com,Polygender,Flipbug,Pembroke
229,Valentina,Lerohan,vlerohan6c@networksolutions.com,Genderqueer,Zava,Kunvald
230,Chrysa,Daltry,cdaltry6d@squarespace.com,Genderfluid,Youbridge,Anggana
231,Jefferey,Burnham,jburnham6e@slate.com,Non-binary,Realcube,Krzemieniewo
232,Fae,Cicconetti,fcicconetti6f@indiegogo.com,Genderqueer,Zoombeat,Chattanooga
233,Maegan,Le Friec,mlefriec6g@google.ca,Genderqueer,Photofeed,Marsaxlokk
234,Christye,Gerckens,cgerckens6h@csmonitor.com,Polygender,Shufflester,Stepanivka
235,Elva,Fieldstone,efieldstone6i@oaic.gov.au,Agender,Blognation,Maoyang
236,Melody,Bigham,mbigham6j@hatena.ne.jp,Agender,Twitternation,Bintulu
237,Arvy,Jarville,ajarville6k@clickbank.net,Agender,Zoombeat,Zaječí
238,Lamont,Benford,lbenford6l@telegraph.co.uk,Genderfluid,Realbridge,Gialo
239,Pooh,McCoish,pmccoish6m@reverbnation.com,Bigender,Mynte,Chashan
240,Scotty,Lambdin,slambdin6n@oracle.com,Bigender,Eazzy,Heshui
241,Caryl,Deathridge,cdeathridge6o@quantcast.com,Agender,Photospace,El Triunfo de la Cruz
242,Joceline,Castagnasso,jcastagnasso6p@shop-pro.jp,Genderqueer,Roodel,Presidente Epitácio
243,Roby,Dowers,rdowers6q@samsung.com,Non-binary,Kazio,Belsh
244,Seana,Tongue,stongue6r@psu.edu,Genderqueer,Quimm,Lipnik
245,Stefa,Witherup,switherup6s@archive.org,Genderfluid,Wikivu,Cangchang
246,Charley,Suett,csuett6t@technorati.com,Female,Kwimbee,New York City
247,Kelsey,Collopy,kcollopy6u@nifty.com,Agender,Livetube,Nūr
248,Easter,Corona,ecorona6v@mail.ru,Genderqueer,Aivee,Curahpacul Satu
249,Kinna,Badby,kbadby6w@pcworld.com,Male,Roodel,Calarcá
250,Worthington,Rearden,wrearden6x@biglobe.ne.jp,Genderfluid,Oozz,Orekhovo-Zuyevo
251,Valida,Muscott,vmuscott6y@blogtalkradio.com,Male,Jetpulse,Bcharré
252,Nichole,Swyre,nswyre6z@toplist.cz,Polygender,Skippad,Zagnitkiv
253,Kris,Lillford,klillford70@is.gd,Female,Reallinks,La Tola
254,Ardenia,Mulvihill,amulvihill71@hao123.com,Genderqueer,Skinix,Ilanskiy
255,Brad,Zorzetti,bzorzetti72@unesco.org,Genderqueer,Tanoodle,Quintas
256,Mitch,Plet,mplet73@g.co,Male,Devcast,Batawa
257,Hobart,Alison,halison74@hud.gov,Female,Quinu,Krajan Pangkah Kulon
258,Hiram,Ackermann,hackermann75@parallels.com,Polygender,Kwideo,Bancroft
259,Gard,Tissier,gtissier76@theguardian.com,Non-binary,Thoughtworks,Pakusari
260,Ulrick,Fishley,ufishley77@ted.com,Male,Flipbug,Novorozhdestvenskaya
261,Normie,Wapple,nwapple78@timesonline.co.uk,Genderqueer,Dablist,Fais
262,Kristel,D'Avaux,kdavaux79@zimbio.com,Genderqueer,Gigabox,Bairros
263,Dickie,Stark,dstark7a@last.fm,Bigender,Oodoo,Bethel Town
264,Gerry,Stoute,gstoute7b@wunderground.com,Agender,Rhyzio,Cali
265,Whittaker,Cullon,wcullon7c@cmu.edu,Genderfluid,Oozz,Nanyang
266,Lynn,Lissimore,llissimore7d@wordpress.org,Polygender,Tavu,Nusajaya
267,Aurelia,Jennions,ajennions7e@unesco.org,Bigender,Oyoyo,Xinsheng
268,Pooh,Rozycki,prozycki7f@usatoday.com,Non-binary,Camido,Haridimun
269,Alan,Lawther,alawther7g@macromedia.com,Female,Meezzy,Gujō
270,Tedman,Eland,teland7h@census.gov,Genderqueer,Quimm,Sandayong Sur
271,Leigha,Gravenell,lgravenell7i@opensource.org,Female,Skidoo,Bacalan
272,Winston,Stubbes,wstubbes7j@comcast.net,Polygender,Eare,Pacucha
273,Noah,Fulloway,nfulloway7k@gravatar.com,Female,Jaxbean,Altay
274,Leda,Abelevitz,labelevitz7l@youtu.be,Female,Thoughtmix,Eyvān
275,Jacklyn,Rivaland,jrivaland7m@google.com,Genderqueer,Twinder,Niños Heroes
276,Ilsa,Lepick,ilepick7n@indiatimes.com,Non-binary,Yakitri,Mataigou
277,Georges,Andrat,gandrat7o@taobao.com,Genderfluid,Abatz,Wuxia
278,Seline,Foord,sfoord7p@nasa.gov,Male,Vinder,Ulundi
279,Krissie,Blaydes,kblaydes7q@linkedin.com,Genderqueer,Jabbersphere,Bang Kruai
280,Amalie,Brithman,abrithman7r@usda.gov,Genderfluid,Voonder,Loen
281,Lanita,Purvis,lpurvis7s@clickbank.net,Non-binary,Skibox,Aleksotas
282,Maire,Kalkofen,mkalkofen7t@engadget.com,Non-binary,Brightbean,Toshbuloq
283,Cherey,Couling,ccouling7u@adobe.com,Male,Muxo,Jin’e
284,Aline,Gayther,agayther7v@i2i.jp,Agender,Browsebug,Solnice
285,Augie,Walter,awalter7w@homestead.com,Female,Livefish,Skulsk
286,Iona,Darwin,idarwin7x@columbia.edu,Female,Twitterbeat,Ad Dawḩah
287,Kata,Roggers,kroggers7y@si.edu,Female,Voomm,Zouérat
288,Hillie,Von Gladbach,hvongladbach7z@angelfire.com,Agender,Dynabox,La Ceja
289,Michel,Tweedlie,mtweedlie80@jimdo.com,Polygender,Feedspan,Yumbel
290,Katerina,Durant,kdurant81@army.mil,Female,Omba,Dabao
291,Shae,Ruppertz,sruppertz82@hatena.ne.jp,Genderqueer,Roomm,Liutang
292,Jereme,Drysdell,jdrysdell83@rediff.com,Non-binary,Tazz,Jaqué
293,Loralee,Bambrick,lbambrick84@cyberchimps.com,Bigender,Buzzbean,Montfavet
294,Morley,MacDermid,mmacdermid85@nps.gov,Genderqueer,Twitterbeat,El Cuy
295,Zahara,Nicol,znicol86@nytimes.com,Non-binary,Quatz,Rodniki
296,Sauveur,Mawtus,smawtus87@earthlink.net,Genderfluid,Gigaclub,Mosopa
297,Clevie,Kornilyev,ckornilyev88@vkontakte.ru,Non-binary,Brainlounge,Rāwandūz
298,Ward,Paternoster,wpaternoster89@ed.gov,Non-binary,Devshare,Luanda
299,Gilbertine,Lowne,glowne8a@mozilla.org,Genderqueer,Eayo,Zhanping
300,Marylinda,Costain,mcostain8b@mlb.com,Genderfluid,Devbug,Xiaohe
301,Cherlyn,Elloway,celloway8c@alexa.com,Bigender,Zoomcast,Gambut
302,Mendie,Robroe,mrobroe8d@pagesperso-orange.fr,Non-binary,Mudo,Sremčica
303,Georgia,McBrearty,gmcbrearty8e@hostgator.com,Polygender,Photobug,Sintansin
304,Herbert,Hawgood,hhawgood8f@photobucket.com,Non-binary,Jaloo,Christchurch
305,Witty,Keningham,wkeningham8g@slate.com,Bigender,Oyoba,Miragoâne
306,Norene,Felkin,nfelkin8h@tiny.cc,Female,Camimbo,Santa Apolonia
307,Lillis,Tritton,ltritton8i@youku.com,Bigender,Edgeclub,Xiangjiazhai
308,Francisco,Peartree,fpeartree8j@samsung.com,Genderfluid,Skyba,Ciilat
309,Lindsay,Denyagin,ldenyagin8k@seesaa.net,Polygender,Photobean,Suodenniemi
310,Jourdain,Genty,jgenty8l@amazonaws.com,Genderfluid,Kwilith,Saint-Louis du Sud
311,Morley,Boutellier,mboutellier8m@va.gov,Genderqueer,Thoughtsphere,Bethal
312,Lyn,Carnson,lcarnson8n@stanford.edu,Bigender,Meemm,Zhuyu
313,Jo,McInnery,jmcinnery8o@skype.com,Non-binary,Kazu,Nonghe
314,Caren,Tidman,ctidman8p@un.org,Genderqueer,Browsedrive,Cijeungjing Kaler
315,Fanchette,Reddick,freddick8q@1688.com,Genderfluid,Voomm,Yuanqiao
316,Allene,Decruse,adecruse8r@dmoz.org,Male,Kare,Shangxing
317,Gaylord,Dumphy,gdumphy8s@wordpress.org,Genderfluid,Voomm,Glencoe
318,Marcos,Dicty,mdicty8t@toplist.cz,Genderqueer,Jabbersphere,Chizhou
319,Maryellen,Alenichev,malenichev8u@reuters.com,Agender,Wikivu,San Agustín
320,Tam,Deniseau,tdeniseau8v@bravesites.com,Genderqueer,Browsedrive,Kunshan
321,Karlene,Craigheid,kcraigheid8w@hud.gov,Male,Avaveo,Zouérat
322,Caren,Issatt,cissatt8x@ameblo.jp,Male,Meemm,Caxias do Sul
323,Rosemarie,Ingreda,ringreda8y@ask.com,Agender,Mynte,Luzhang
324,Baird,Spilsbury,bspilsbury8z@instagram.com,Polygender,Meevee,Bandar-e Māhshahr
325,Dede,Block,dblock90@sakura.ne.jp,Agender,Edgetag,Liutao
326,Sidonia,Towns,stowns91@nature.com,Bigender,Wordpedia,Nuing
327,Germaine,Graalman,ggraalman92@upenn.edu,Genderqueer,Rhycero,Drzewica
328,Erich,Lomansey,elomansey93@phpbb.com,Female,Quinu,Caen
329,Hoebart,Luna,hluna94@cdbaby.com,Bigender,Zoonder,Guarenas
330,Olin,Pietruszewicz,opietruszewicz95@icio.us,Non-binary,DabZ,Asahi
331,Vitia,Crippell,vcrippell96@amazon.co.jp,Genderfluid,Realmix,Labney
332,Virgie,Wapple,vwapple97@cbsnews.com,Female,Oyoba,Makin Village
333,Fredrika,Volett,fvolett98@europa.eu,Female,Flipbug,Daru
334,Cathee,Mauchlen,cmauchlen99@state.gov,Male,Photospace,Nanhe
335,Emylee,Whyteman,ewhyteman9a@bloglovin.com,Polygender,Realfire,Jaqué
336,Morris,Killough,mkillough9b@cbsnews.com,Bigender,Avamba,Almirante Tamandaré
337,Currey,Realy,crealy9c@cdc.gov,Genderqueer,Thoughtworks,Choisy-le-Roi
338,Salvador,Caulkett,scaulkett9d@hubpages.com,Female,Rhynyx,Ostrówek
339,Rodrick,Ulyatt,rulyatt9e@answers.com,Polygender,Reallinks,Karawatung
340,Harv,Birtonshaw,hbirtonshaw9f@ca.gov,Genderqueer,Reallinks,Suining
341,Esma,Leeves,eleeves9g@tinyurl.com,Genderfluid,Skinder,Chalaco
342,Cindie,Petasch,cpetasch9h@elpais.com,Female,Cogibox,Tembisa
343,Alis,Tchir,atchir9i@blog.com,Non-binary,Gabvine,Krajan Puru
344,Wynn,Corbie,wcorbie9j@marketwatch.com,Agender,Voonder,Bārkhān
345,Muire,Yegorovnin,myegorovnin9k@howstuffworks.com,Genderqueer,Roombo,Dongping
346,Eleanor,Crockett,ecrockett9l@nps.gov,Genderqueer,Kazio,Patemon
347,Roobbie,Ledwitch,rledwitch9m@zdnet.com,Non-binary,Latz,Bangbayang Kaler
348,Barbee,Dade,bdade9n@trellian.com,Genderfluid,Mymm,Qasr Abu Hadi
349,Courtney,Acomb,cacomb9o@youku.com,Genderfluid,Browsebug,Předklášteří
350,Bren,Church,bchurch9p@stanford.edu,Genderfluid,Bubblebox,Camp Diable
351,Brandy,Eshelby,beshelby9q@va.gov,Agender,Twinte,Gomel
352,Glen,Rosebotham,grosebotham9r@examiner.com,Bigender,Buzzster,Romorantin-Lanthenay
353,Timi,Davidge,tdavidge9s@oaic.gov.au,Female,Wikibox,Sauce
354,Emmalynne,Gatecliff,egatecliff9t@behance.net,Non-binary,Twitternation,Daytona Beach
355,Cammy,Rippingale,crippingale9u@gmpg.org,Genderqueer,Wordpedia,Tuquan
356,Leesa,Ames,lames9v@photobucket.com,Non-binary,Rhynoodle,Levallois-Perret
357,Madelina,Chastang,mchastang9w@hatena.ne.jp,Polygender,Brightdog,Afikpo
358,Tiphany,Sutterby,tsutterby9x@technorati.com,Genderqueer,Feedbug,Novoaltaysk
359,Yorker,Stanfield,ystanfield9y@163.com,Genderfluid,Kamba,Pasco
360,Ddene,Atkinson,datkinson9z@nydailynews.com,Genderfluid,Wordify,Maibu
361,Evy,Plomer,eplomera0@360.cn,Male,Divape,Sop Pong
362,Barnie,Dalston,bdalstona1@blogtalkradio.com,Bigender,Livepath,Šalovci
363,Glendon,Riche,grichea2@joomla.org,Bigender,Fivechat,Serhetabat
364,Clemmie,Memmory,cmemmorya3@shinystat.com,Genderfluid,Wikido,Głubczyce
365,Winston,Salvage,wsalvagea4@upenn.edu,Female,Dabfeed,Aoufous
366,Bert,Fawcitt,bfawcitta5@comsenz.com,Male,Gabtype,La Unión
367,Tamera,Wickling,twicklinga6@paginegialle.it,Genderfluid,Zoonder,Chambéry
368,Yvor,Gait,ygaita7@cnet.com,Female,Brightbean,Erie
369,Donnie,Dimberline,ddimberlinea8@goodreads.com,Bigender,Photojam,Ayaviri
370,Joshia,Mary,jmarya9@artisteer.com,Female,Jamia,Genève
371,Peter,Kryszkiecicz,pkryszkieciczaa@google.nl,Agender,Quamba,Tuapse
372,Mehetabel,Hyslop,mhyslopab@paypal.com,Non-binary,Bluezoom,Tyler
373,Alisa,Cardus,acardusac@spotify.com,Genderfluid,Voomm,Cerro Corá
374,Saxe,Schreiner,sschreinerad@cdc.gov,Polygender,Dabvine,Itaparica
375,Kamillah,Lethcoe,klethcoeae@hao123.com,Female,Dynazzy,Yaguaraparo
376,Shellie,Pridding,spriddingaf@netscape.com,Genderfluid,Pixonyx,Suren
377,Margit,Hibling,mhiblingag@alibaba.com,Genderqueer,Kwideo,Hailin
378,Carolann,Loveredge,cloveredgeah@sun.com,Polygender,Photolist,Pico da Pedra
379,Kelly,Gierok,kgierokai@sakura.ne.jp,Agender,Topiczoom,Gejiu
380,Chalmers,Elverstone,celverstoneaj@ocn.ne.jp,Genderfluid,Photobean,Nansheng
381,Zebadiah,Tenaunt,ztenauntak@soundcloud.com,Genderqueer,Gigaclub,Baoli
382,Pauly,Blackaller,pblackalleral@etsy.com,Genderqueer,Skiptube,Albacete
383,Drake,Isworth,diswortham@elegantthemes.com,Non-binary,Fivechat,Esplanada
384,Kala,Bellay,kbellayan@home.pl,Male,Skyndu,Jūybār
385,Othelia,Dingsdale,odingsdaleao@foxnews.com,Non-binary,Photolist,Xinqiao
386,Cosmo,Queyeiro,cqueyeiroap@squidoo.com,Polygender,Buzzster,Novolugovoye
387,Theressa,Bywaters,tbywatersaq@time.com,Non-binary,Divape,Gampola
388,Ninette,Stares,nstaresar@ebay.co.uk,Male,Yabox,Chaoyang
389,Joan,Gherardi,jgherardias@nps.gov,Non-binary,Skinix,Carmen de Viboral
390,Doll,Fleis,dfleisat@github.com,Agender,Quinu,Ban Khok
391,Chrysa,Canning,ccanningau@freewebs.com,Male,Fatz,Amucao
392,Konstanze,Mc Carrick,kmccarrickav@cam.ac.uk,Female,Yodoo,Maracanaú
393,Dicky,Stolting,dstoltingaw@princeton.edu,Male,Devify,Łopuszna
394,Kanya,Shilburne,kshilburneax@geocities.jp,Male,Jabbersphere,Cashel
395,Rolfe,Benedikt,rbenediktay@npr.org,Agender,Aibox,Sayama
396,Shantee,Boncoeur,sboncoeuraz@amazon.co.jp,Polygender,Wikivu,Baborów
397,Eda,Spratt,esprattb0@state.tx.us,Polygender,Kayveo,Fenglu
398,Ertha,O'Mullally,eomullallyb1@hugedomains.com,Bigender,Pixoboo,Hüremt
399,Vale,Winning,vwinningb2@usa.gov,Agender,Bluejam,Afareaitu
400,Trixi,Wooding,twoodingb3@infoseek.co.jp,Bigender,Yodoo,Sanxi
401,Alister,Worsham,aworshamb4@amazon.com,Female,Eayo,Beibei
402,Raddie,Simes,rsimesb5@cdbaby.com,Non-binary,Kwinu,Mileb
403,Adam,Tallyn,atallynb6@twitter.com,Polygender,Oloo,Sumberingin Kulon
404,Alwyn,Goakes,agoakesb7@wsj.com,Bigender,Tavu,Moville
405,Ajay,Judd,ajuddb8@webeden.co.uk,Agender,Skivee,Lipu
406,Walsh,Wolseley,wwolseleyb9@joomla.org,Non-binary,Devcast,Magsaysay
407,Maggy,Mays,mmaysba@shop-pro.jp,Female,Yozio,Tauranga
408,Anestassia,Dishman,adishmanbb@hexun.com,Male,Rooxo,Kotakan Selatan
409,Maritsa,Buswell,mbuswellbc@umich.edu,Male,Trudeo,Lingbei
410,Onfroi,Rutley,orutleybd@facebook.com,Female,Npath,Girang
411,Electra,Laye,elayebe@utexas.edu,Female,Jaxspan,Presidente Prudente
412,Jarad,Gronowe,jgronowebf@squidoo.com,Genderfluid,Eire,Pangnirtung
413,Teressa,Stanborough,tstanboroughbg@ycombinator.com,Polygender,Realfire,Buenlag
414,Hirsch,Snelling,hsnellingbh@merriam-webster.com,Polygender,Twitternation,Xiaohekou
415,Nan,Clashe,nclashebi@prweb.com,Bigender,Katz,Mekarsari
416,Jerry,Wimbury,jwimburybj@apple.com,Agender,Yadel,Pontevedra
417,Wakefield,Ransome,wransomebk@sfgate.com,Polygender,Eamia,Sucre
418,Page,Abrahams,pabrahamsbl@ezinearticles.com,Polygender,Linkbuzz,Naranjal
419,Lorrie,Ennor,lennorbm@usgs.gov,Genderfluid,Devcast,Bořetice
420,Shayla,Lainton,slaintonbn@uol.com.br,Genderqueer,Buzzdog,Shanggan
421,Freida,O'Loughlin,foloughlinbo@merriam-webster.com,Bigender,Devcast,Cipari Satu
422,Carl,Le Estut,cleestutbp@t-online.de,Bigender,Leenti,New Washington
423,Gray,Notley,gnotleybq@addtoany.com,Male,Fanoodle,Syracuse
424,Leopold,MacAndrew,lmacandrewbr@google.co.uk,Genderqueer,Demizz,Santo Niño
425,Nicoline,Willmott,nwillmottbs@fotki.com,Agender,Lazz,Remedios
426,Nils,Patifield,npatifieldbt@salon.com,Genderqueer,Omba,Jiaoqiao
427,Francis,Geake,fgeakebu@rediff.com,Bigender,Gevee,Zhongshi
428,Butch,Comben,bcombenbv@rambler.ru,Non-binary,Tazz,Tawangsari
429,Dari,Parres,dparresbw@ftc.gov,Polygender,Avamba,Wincrange
430,Baron,Perassi,bperassibx@ted.com,Genderfluid,Edgeclub,Garmo
431,Rossie,Jeste,rjesteby@narod.ru,Male,Yadel,Briteiros Santa Leocádia
432,Atlante,Storie,astoriebz@dagondesign.com,Genderqueer,Kwilith,Criciúma
433,Marie-jeanne,Tudge,mtudgec0@blog.com,Genderfluid,Zooxo,Boden
434,Cissy,Buttner,cbuttnerc1@artisteer.com,Bigender,Yadel,Thị Trấn Yên Châu
435,Geraldine,Tretwell,gtretwellc2@ehow.com,Bigender,Jabbersphere,Umuahia
436,Giorgi,Castagnaro,gcastagnaroc3@github.com,Agender,Gigaclub,Tankhoy
437,Guy,Coronado,gcoronadoc4@wisc.edu,Male,Zooveo,Coruripe
438,Gabey,Brounsell,gbrounsellc5@miibeian.gov.cn,Genderqueer,Mydeo,Astromil
439,Barbette,Fardoe,bfardoec6@businessinsider.com,Male,Pixonyx,Yangyu
440,Sharona,Francois,sfrancoisc7@mozilla.org,Non-binary,Skibox,Icó
441,Armando,Flieger,afliegerc8@jiathis.com,Genderqueer,Babblestorm,Pakemitan
442,Nicoli,Binne,nbinnec9@who.int,Agender,Demivee,Qiaobian
443,Janek,Aireton,jairetonca@webs.com,Male,Meezzy,Zelenograd
444,Coleman,Dossettor,cdossettorcb@de.vu,Female,Topiczoom,Loutráki
445,Trude,Childrens,tchildrenscc@princeton.edu,Male,Zazio,Stavyshche
446,Arvin,Tranter,atrantercd@reference.com,Bigender,Thoughtbeat,Lianpeng
447,Thaxter,Elders,teldersce@w3.org,Bigender,Trupe,Acevedo
448,Juliette,Siret,jsiretcf@bluehost.com,Non-binary,Dynazzy,Opatów
449,Benson,Clemmens,bclemmenscg@newsvine.com,Agender,Thoughtmix,Frydek
450,Riva,Buss,rbussch@drupal.org,Polygender,Skivee,Zhongba
451,Katinka,Haldin,khaldinci@fastcompany.com,Agender,Jayo,Baisha
452,Etty,Bento,ebentocj@msu.edu,Bigender,Tavu,Bako
453,Laina,Assel,lasselck@youtu.be,Polygender,Voolith,Moro
454,Rafaellle,Elbourn,relbourncl@aol.com,Male,Kayveo,Baran
455,Ilyssa,Ilchenko,iilchenkocm@discovery.com,Male,Bubblemix,Kafr Takhārīm
456,Nikolos,Boxell,nboxellcn@jigsy.com,Female,Trilia,Oulmes
457,Wiley,Kunes,wkunesco@people.com.cn,Agender,Trilia,Ziroudani
458,Jemmy,Crosi,jcrosicp@discovery.com,Non-binary,Browseblab,Bizana
459,Susanne,Dundon,sdundoncq@slashdot.org,Genderqueer,Kwinu,Sarangmeduro
460,Adrian,Petersen,apetersencr@foxnews.com,Agender,Thoughtworks,Sherwood Park
461,Raychel,Duesberry,rduesberrycs@blogtalkradio.com,Male,Tagpad,Vichadero
462,Darsey,Gorringe,dgorringect@marketwatch.com,Male,Tagopia,Lebowakgomo
463,Georgia,Adair,gadaircu@bizjournals.com,Polygender,Avaveo,Babakanloa
464,Bianca,Itzchaky,bitzchakycv@wufoo.com,Polygender,Kanoodle,Ourtzagh
465,Crin,Lacer,clacercw@gov.uk,Genderqueer,Browsedrive,Lüyang
466,Jud,Kenan,jkenancx@blogspot.com,Male,Yoveo,Benito Juarez
467,Benedetto,Doick,bdoickcy@businessweek.com,Non-binary,Blogpad,Makbon
468,Deena,Feldmann,dfeldmanncz@bloglovin.com,Genderqueer,Ainyx,Kahrīz
469,Rod,Bonham,rbonhamd0@gnu.org,Polygender,Jabbersphere,Saint-Jean-de-Braye
470,Shay,Braime,sbraimed1@unblog.fr,Genderqueer,Wordtune,Bellevue
471,Wain,Boig,wboigd2@shop-pro.jp,Male,Ozu,Gävle
472,Craggie,O'Lyhane,colyhaned3@networksolutions.com,Genderqueer,Vimbo,Bukedea
473,Dennie,Young,dyoungd4@harvard.edu,Polygender,Linkbridge,Mahates
474,Tiffi,Ogborn,togbornd5@pagesperso-orange.fr,Bigender,InnoZ,Dlemer
475,Rey,Fance,rfanced6@wix.com,Male,Yabox,Dieppe
476,Engracia,Rosenboim,erosenboimd7@imageshack.us,Male,Janyx,Mahikeng
477,Sonnnie,Vawton,svawtond8@stumbleupon.com,Genderfluid,Buzzster,Yacheng
478,Ulrika,Strut,ustrutd9@archive.org,Genderqueer,Linktype,Canelas
479,Hyacinthia,Center,hcenterda@icq.com,Agender,Mita,Néa Magnisía
480,Shelby,Bengall,sbengalldb@geocities.com,Female,Meevee,Salamina
481,Fernanda,Kovnot,fkovnotdc@geocities.com,Polygender,Tagcat,Massaranduba
482,Erin,Frawley,efrawleydd@csmonitor.com,Bigender,Camido,Babakankadu
483,Pattie,Kleynen,pkleynende@facebook.com,Bigender,Skivee,Sousse
484,Mickie,Shafe,mshafedf@newsvine.com,Genderfluid,Demizz,Sokoto
485,Jackelyn,Strewthers,jstrewthersdg@hatena.ne.jp,Agender,Quinu,Shihuiqiao
486,Randall,Sollis,rsollisdh@go.com,Polygender,Skinix,San-Pédro
487,Niccolo,Josefsen,njosefsendi@vk.com,Genderqueer,Devpoint,Minneapolis
488,Devin,Blything,dblythingdj@samsung.com,Female,Thoughtbeat,Dokuchayevs’k
489,Margaretha,Faudrie,mfaudriedk@washington.edu,Male,Thoughtsphere,Frutillar
490,Cullan,Kinig,ckinigdl@shinystat.com,Non-binary,Yoveo,Nantes
491,Audra,Hinnerk,ahinnerkdm@blinklist.com,Genderqueer,Fliptune,Xinqiao
492,Cathy,Peltz,cpeltzdn@nsw.gov.au,Female,Brainlounge,Łącko
493,Shena,Littlemore,slittlemoredo@jigsy.com,Female,Gigazoom,Jiquinlaca
494,Cherri,Spare,csparedp@fema.gov,Bigender,Eadel,Wenci
495,Fayina,Ord,forddq@ft.com,Non-binary,Skinix,Xinglongchang
496,Zena,Duggleby,zdugglebydr@blinklist.com,Genderfluid,Zoonder,Lihu
497,Crystal,Neno,cnenods@npr.org,Female,Voonyx,Zlonice
498,Lucio,Haggleton,lhaggletondt@unesco.org,Genderfluid,Thoughtworks,Kandun
499,Art,Seiler,aseilerdu@mlb.com,Polygender,Brainsphere,Xintaimen
500,Scotty,Raunds,sraundsdv@hud.gov,Genderqueer,Thoughtbeat,Wenxian Chengguanzhen
501,Blithe,Gutcher,bgutcherdw@issuu.com,Genderqueer,Kwideo,Lis
502,Kirbee,Widger,kwidgerdx@youku.com,Polygender,Fivechat,Cimaragas
503,Rory,Cullerne,rcullernedy@google.com.br,Genderfluid,Browsecat,Nowogard
504,Shea,Ingman,singmandz@ucoz.ru,Genderfluid,Babbleset,Bai’e
505,Gerta,Humbee,ghumbeee0@arizona.edu,Bigender,Quinu,Yanji
506,Jeremias,Locard,jlocarde1@delicious.com,Female,Lajo,Bagumbayan
507,Shawnee,Masser,smassere2@furl.net,Genderqueer,Youspan,Itacorubi
508,Andonis,Jennrich,ajennriche3@github.io,Agender,Yakijo,Dayuan
509,Blondelle,Broker,bbrokere4@nifty.com,Male,Trupe,Fengpo
510,Marna,Bernadot,mbernadote5@yahoo.co.jp,Agender,Eidel,Ribeiro
511,Elyn,Stivers,estiverse6@ftc.gov,Male,Feedmix,Accha
512,Rawley,Condit,rcondite7@homestead.com,Female,Oyoyo,Insrom
513,Egan,Oldam,eoldame8@istockphoto.com,Bigender,Cogidoo,Duntou
514,Carina,Hazelgreave,chazelgreavee9@smugmug.com,Genderfluid,Topdrive,Dean
515,Frankie,Mees,fmeesea@squidoo.com,Polygender,Youspan,Ponggeok
516,Rudiger,Diack,rdiackeb@businesswire.com,Agender,Feednation,Sukodono
517,Hansiain,Storms,hstormsec@bbb.org,Female,Realbridge,Spuž
518,Kit,Trude,ktrudeed@paypal.com,Bigender,Divanoodle,Göteborg
519,Lesli,Widdop,lwiddopee@dot.gov,Female,Realbuzz,Beaverlodge
520,Marisa,Glenn,mglennef@addtoany.com,Agender,Devpulse,Laventure
521,Cilka,Camillo,ccamilloeg@cisco.com,Genderfluid,Yotz,Abū Ghaush
522,Brynna,Banaszewski,bbanaszewskieh@gov.uk,Genderfluid,Lazz,Dongen
523,Matthiew,Diegan,mdieganei@google.co.jp,Female,Browsezoom,Kerva
524,Westleigh,Wreak,wwreakej@lycos.com,Genderfluid,Babbleopia,Narawayong
525,Minor,Denington,mdeningtonek@t.co,Agender,Browseblab,Kunduz
526,Jenelle,Gulley,jgulleyel@google.com.br,Genderqueer,Browsecat,Maradabangga
527,Karolina,Fussen,kfussenem@ibm.com,Non-binary,Quaxo,Jiuxian
528,Leslie,Jaffray,ljaffrayen@delicious.com,Non-binary,Tagfeed,Igreja
529,Sol,Maben,smabeneo@mlb.com,Polygender,Meedoo,Sydney
530,Scottie,Sorsby,ssorsbyep@theglobeandmail.com,Non-binary,Voonyx,Yigo Village
531,Ibbie,Kesey,ikeseyeq@newsvine.com,Bigender,Realbuzz,Keleleng
532,Si,Garthshore,sgarthshoreer@stumbleupon.com,Female,Quamba,Chengzhong
533,Abram,Eberdt,aeberdtes@europa.eu,Non-binary,Buzzdog,Itu
534,Nell,Lennard,nlennardet@alibaba.com,Female,Jabbertype,Yanagawa
535,Free,Pallin,fpallineu@etsy.com,Non-binary,Zoovu,Cambanay
536,Ludovico,Goldwater,lgoldwaterev@upenn.edu,Male,Mydo,Rashaant
537,Timmie,Matveichev,tmatveichevew@github.io,Bigender,Viva,Jiudu
538,Roshelle,Giercke,rgierckeex@w3.org,Polygender,Janyx,Kiruna
539,Martainn,Cromly,mcromlyey@tuttocitta.it,Genderqueer,Twinte,Liuhe
540,Ben,Gontier,bgontierez@miitbeian.gov.cn,Genderfluid,Fiveclub,Wulijie
541,Adeline,Bidwell,abidwellf0@t-online.de,Genderfluid,Blogpad,Coishco
542,Karlotte,Hardie,khardief1@wikimedia.org,Male,Fivechat,Quintã
543,Rosalind,Simenet,rsimenetf2@github.io,Female,Linkbuzz,Su-ngai Kolok
544,Alaric,McNalley,amcnalleyf3@typepad.com,Genderfluid,Gabspot,Prengtale
545,Merla,Amerighi,mamerighif4@mashable.com,Bigender,Quamba,Castanheira
546,Sherlocke,O'Hdirscoll,sohdirscollf5@phpbb.com,Male,Quire,Hongguang
547,Dona,Kneafsey,dkneafseyf6@devhub.com,Agender,Brainbox,Tabia
548,Anastassia,O'Bradane,aobradanef7@hhs.gov,Genderfluid,Youspan,Semarang
549,Maye,McTrustey,mmctrusteyf8@moonfruit.com,Bigender,Twinder,Scottsdale
550,Webster,Woodhouse,wwoodhousef9@senate.gov,Female,Oyoyo,Alpatovo
551,Florette,Doy,fdoyfa@amazon.co.jp,Agender,Vidoo,Pumwani
552,Maurine,Neem,mneemfb@wordpress.org,Polygender,Linktype,Asbest
553,Ryan,Fabri,rfabrifc@spiegel.de,Non-binary,Aibox,Wangqinzhuang
554,Marguerite,Climson,mclimsonfd@msu.edu,Male,Aibox,Bao’an
555,Abbie,Greenrod,agreenrodfe@nationalgeographic.com,Genderqueer,Dabjam,Kutacane
556,Aurelia,Guest,aguestff@ovh.net,Female,Brainlounge,George Town
557,Cobby,Kleinsmuntz,ckleinsmuntzfg@nydailynews.com,Male,Gabtune,Leudelange
558,Mirilla,Walne,mwalnefh@yahoo.co.jp,Male,Shuffletag,Qabaqçöl
559,Harrison,Vaines,hvainesfi@github.com,Polygender,Skilith,Gobernador Costa
560,Burr,Shelper,bshelperfj@soundcloud.com,Non-binary,Midel,La Guacamaya
561,Brannon,Tuckie,btuckiefk@mapy.cz,Non-binary,Quamba,Houston
562,Hyman,McKall,hmckallfl@last.fm,Bigender,Zoonoodle,Yonghe
563,Guss,Giacomoni,ggiacomonifm@squidoo.com,Bigender,Chatterbridge,Cañaveral
564,Natala,Morot,nmorotfn@topsy.com,Male,Teklist,Nanfeng
565,Kort,McCambrois,kmccambroisfo@ameblo.jp,Bigender,Meezzy,Yangdu
566,Lianna,McQuaide,lmcquaidefp@usda.gov,Genderqueer,InnoZ,Humaitá
567,Issi,Threlfall,ithrelfallfq@nature.com,Agender,Innojam,Pingxiang
568,Kaylil,O'Kennedy,kokennedyfr@arstechnica.com,Agender,Flipopia,Ajman
569,Mair,Lampen,mlampenfs@meetup.com,Genderfluid,Fadeo,Yahotyn
570,Ingra,Alastair,ialastairft@mysql.com,Genderfluid,Tavu,Khuzdār
571,Rance,Anmore,ranmorefu@state.tx.us,Female,Demimbu,Xinchang
572,Theodor,Whiles,twhilesfv@geocities.com,Polygender,Dabshots,Raposos
573,Billy,Akitt,bakittfw@cornell.edu,Genderfluid,Ntag,Liancheng
574,Patrizio,Daleman,pdalemanfx@sourceforge.net,Agender,Zooxo,Yishan
575,Gasper,Sailor,gsailorfy@va.gov,Genderqueer,Skibox,Iława
576,Brittni,Rockey,brockeyfz@dion.ne.jp,Agender,Quimba,Zbraslavice
577,Mirna,Marland,mmarlandg0@woothemes.com,Genderfluid,Podcat,Wuxue Shi
578,Pandora,Cuffin,pcuffing1@addtoany.com,Bigender,Katz,Brooklyn
579,Davy,Sitlinton,dsitlintong2@nationalgeographic.com,Genderfluid,Izio,Jamundí
580,Mariana,MacKeogh,mmackeoghg3@cbslocal.com,Bigender,Topdrive,Qintong
581,Isaak,Hartford,ihartfordg4@cbc.ca,Female,Oyoba,Velyka Oleksandrivka
582,Batsheva,Hardan,bhardang5@w3.org,Polygender,Realblab,Changdai
583,Mackenzie,Rebert,mrebertg6@ifeng.com,Genderfluid,Bubbletube,Petoa
584,Rolando,Danilchenko,rdanilchenkog7@dell.com,Bigender,Tagcat,El Bálsamo
585,Augustin,Treacy,atreacyg8@guardian.co.uk,Genderqueer,Avamba,Omaha
586,Carolann,Leathes,cleathesg9@e-recht24.de,Genderqueer,Eidel,Metahāra
587,Gabbey,Dowles,gdowlesga@uol.com.br,Female,Riffwire,Strzelce Krajeńskie
588,Francine,McIllroy,fmcillroygb@dmoz.org,Bigender,Kwinu,Beichengqu
589,Jdavie,Glaum,jglaumgc@ycombinator.com,Genderfluid,Edgeblab,Barreiro
590,Ketty,Belz,kbelzgd@bloglines.com,Genderqueer,Quatz,Rio Largo
591,Natalina,Battie,nbattiege@e-recht24.de,Female,Dabvine,Cungkal
592,Melesa,Millyard,mmillyardgf@123-reg.co.uk,Male,Jabbertype,Yafan
593,Rodolphe,Kerridge,rkerridgegg@pinterest.com,Genderfluid,Photobean,Hongshanyao
594,Agretha,Rome,aromegh@angelfire.com,Male,Eabox,Leuwipicung
595,Tansy,Meineking,tmeinekinggi@abc.net.au,Genderfluid,Yozio,Saint-Germain-en-Laye
596,Gilligan,Gawen,ggawengj@ucoz.ru,Agender,Voolith,Orléans
597,Renato,Gyurko,rgyurkogk@instagram.com,Non-binary,Mymm,Altavista
598,Tiffani,Lorence,tlorencegl@elegantthemes.com,Agender,Shufflebeat,Sannikovo
599,Reamonn,Wybrew,rwybrewgm@51.la,Female,Yakijo,Largo
600,Farrand,Kington,fkingtongn@mtv.com,Genderfluid,Omba,Jinja
601,Zack,Kilminster,zkilminstergo@yolasite.com,Male,Brainsphere,Dopang
602,Adore,Lacase,alacasegp@bing.com,Agender,Tazzy,Duqiong
603,Frederigo,Bondy,fbondygq@psu.edu,Male,Thoughtblab,Paris 14
604,Talia,Willans,twillansgr@issuu.com,Genderfluid,Tambee,Douane
605,Tillie,Linklater,tlinklatergs@icio.us,Polygender,Izio,Ulaan-Uul
606,Karen,Ellsbury,kellsburygt@soup.io,Genderqueer,Skidoo,Jixing
607,Alexi,Kingsnod,akingsnodgu@sogou.com,Genderqueer,Oba,Buenaventura
608,Brad,Storrock,bstorrockgv@ezinearticles.com,Agender,Buzzshare,Aloleng
609,Waite,Hanrott,whanrottgw@people.com.cn,Bigender,Brainverse,Wucheng
610,Sergeant,Woodcraft,swoodcraftgx@google.com.au,Non-binary,Browsedrive,Pianbai
611,Perkin,Ilden,pildengy@mac.com,Genderfluid,Abatz,Pore
612,Roland,Batte,rbattegz@state.tx.us,Genderfluid,Rooxo,Oklahoma City
613,Krystle,Coronas,kcoronash0@w3.org,Genderqueer,Flashset,Longtan
614,Prissie,Fairfoull,pfairfoullh1@examiner.com,Genderqueer,Zoonoodle,La Cueva
615,Deerdre,Awcock,dawcockh2@time.com,Agender,Topiczoom,Bangui
616,Lorna,Endecott,lendecotth3@slashdot.org,Male,Skinix,Al Karmil
617,Bobbie,Newarte,bnewarteh4@loc.gov,Non-binary,Mudo,Shangzhang
618,Faydra,Frushard,ffrushardh5@nytimes.com,Polygender,Wordify,Zhashkiv
619,Ailee,Faldoe,afaldoeh6@google.com.hk,Genderqueer,Trunyx,Chanthaburi
620,Marje,Southerden,msoutherdenh7@vk.com,Agender,Gabcube,Belyye Stolby
621,Salvidor,Dilliway,sdilliwayh8@hubpages.com,Genderfluid,Tanoodle,Yilkiqi
622,Alonso,Garralts,agarraltsh9@e-recht24.de,Non-binary,Oyoba,Gala
623,Bobbe,Thow,bthowha@addthis.com,Bigender,Yadel,Piteå
624,Tammi,Valentino,tvalentinohb@nytimes.com,Agender,Tavu,Nīshābūr
625,Romola,Raspison,rraspisonhc@npr.org,Agender,Youbridge,Shagonar
626,Hilliard,Hair,hhairhd@rakuten.co.jp,Non-binary,Yakidoo,Wilmington
627,Birgitta,Souster,bsousterhe@ameblo.jp,Non-binary,Skaboo,Itaúna
628,Raven,Verchambre,rverchambrehf@cdc.gov,Male,Teklist,Villeneuve-la-Garenne
629,Aila,Coatts,acoattshg@godaddy.com,Agender,Divape,Drien Rampak
630,Emylee,Staining,estaininghh@plala.or.jp,Agender,Pixonyx,Vanadzor
631,Adelle,Jenkin,ajenkinhi@sfgate.com,Polygender,Jazzy,Wodzierady
632,Myrle,Tricker,mtrickerhj@skyrock.com,Agender,Vimbo,Monaragala
633,Pearce,Epps,peppshk@blogger.com,Agender,Wikizz,Kadoma
634,Xever,Brisker,xbriskerhl@cocolog-nifty.com,Genderfluid,Kayveo,Soacha
635,Melba,Gerauld,mgerauldhm@angelfire.com,Agender,Tanoodle,Rybinsk
636,Merle,Moatt,mmoatthn@netlog.com,Female,Buzzdog,Cuauhtemoc
637,Alfons,Crummy,acrummyho@china.com.cn,Genderfluid,Youspan,Pereira
638,Bobby,D'Andrea,bdandreahp@mac.com,Male,Pixonyx,Hanušovice
639,Ade,Barras,abarrashq@i2i.jp,Non-binary,Dynabox,Santa Bárbara d'Oeste
640,Daniele,Keough,dkeoughhr@vimeo.com,Female,Trudeo,Des Moines
641,Garrick,Elwyn,gelwynhs@chicagotribune.com,Agender,Oyonder,Zhouxi
642,Marion,Beckinsall,mbeckinsallht@samsung.com,Genderqueer,Realpoint,Xianlin
643,Esra,Emnoney,eemnoneyhu@addtoany.com,Non-binary,Dazzlesphere,Bagusan
644,Kiele,Daborne,kdabornehv@123-reg.co.uk,Female,Wikido,Panzhou
645,Anabelle,Killingback,akillingbackhw@paypal.com,Bigender,Reallinks,Smolenskoye
646,Demetria,Barnet,dbarnethx@dion.ne.jp,Genderqueer,Yombu,Malibago
647,Chloris,Willstrop,cwillstrophy@issuu.com,Genderqueer,Tambee,Nizhnekamsk
648,Lusa,Blakeman,lblakemanhz@epa.gov,Genderqueer,Kamba,Runović
649,Ogdan,Swatheridge,oswatheridgei0@globo.com,Polygender,Riffpath,Donghui
650,Frederico,Showering,fshoweringi1@flavors.me,Male,Cogibox,Ursynów
651,Frederigo,Royden,froydeni2@oaic.gov.au,Genderfluid,Cogibox,Gaillac
652,Melisande,Ahrenius,mahreniusi3@marriott.com,Polygender,Meedoo,Espinal
653,Dacy,Dulinty,ddulintyi4@google.co.uk,Female,Twitterbridge,Gaobeijie
654,Patience,Anwyl,panwyli5@ftc.gov,Male,Gigashots,Arauco
655,Donna,Iacopini,diacopinii6@gmpg.org,Polygender,Devpoint,Shangzhang
656,Maye,Fridaye,mfridayei7@dion.ne.jp,Bigender,Teklist,Dabu
657,Arman,Terron,aterroni8@webeden.co.uk,Bigender,Quamba,Kankan
658,Shell,Woollard,swoollardi9@statcounter.com,Polygender,Yakitri,Kungshamn
659,Ashien,Elix,aelixia@discovery.com,Female,Innotype,Walnut Grove
660,Erroll,Kulic,ekulicib@blogs.com,Female,Devpoint,Santa Clara
661,Judith,Pluthero,jplutheroic@who.int,Bigender,Centizu,Camaquã
662,Delaney,Fairebrother,dfairebrotherid@blinklist.com,Female,Ainyx,Les Sables-d'Olonne
663,Angelita,Cowhig,acowhigie@hao123.com,Bigender,Trilia,Rychwał
664,Bree,Cusack,bcusackif@slate.com,Male,Agivu,Labelle
665,Dulcea,Frankel,dfrankelig@psu.edu,Female,Jaloo,Ovsyanka
666,Malory,Leisk,mleiskih@google.it,Female,Realfire,Feikeng
667,Ganny,Caldron,gcaldronii@house.gov,Polygender,Ntag,Owen Sound
668,Gonzales,Thorlby,gthorlbyij@mac.com,Male,Topdrive,Bangonay
669,Ranee,Phillput,rphillputik@themeforest.net,Genderfluid,Gabspot,Nangka
670,Ingaborg,Larrosa,ilarrosail@intel.com,Genderqueer,Eayo,Pimenta Bueno
671,Bobby,Skelbeck,bskelbeckim@china.com.cn,Genderqueer,Photolist,Ochojno
672,Ambur,Syncke,asynckein@irs.gov,Non-binary,Quaxo,Bafoulabé
673,Friedrich,Spire,fspireio@columbia.edu,Genderqueer,Abatz,Yangxiang
674,Meta,Helliwell,mhelliwellip@wix.com,Bigender,Camido,Zhukovskiy
675,Devlin,Beilby,dbeilbyiq@g.co,Female,Roodel,Huaquirca
676,Ileana,Conrart,iconrartir@huffingtonpost.com,Genderfluid,Skimia,Hongyi
677,Shelli,Guiso,sguisois@amazonaws.com,Agender,Janyx,Itaocara
678,Anastassia,Weddeburn,aweddeburnit@hatena.ne.jp,Non-binary,Oyoloo,Beizhouzi
679,Cooper,Hairsine,chairsineiu@friendfeed.com,Male,Teklist,Rājshāhi
680,Madelina,Neads,mneadsiv@addthis.com,Agender,Minyx,Јегуновце
681,Iago,Taggart,itaggartiw@imageshack.us,Non-binary,Vinder,Bato
682,Jorrie,Lazonby,jlazonbyix@google.de,Male,Meemm,Sanhui
683,Nessa,Dohmer,ndohmeriy@twitter.com,Male,Topicblab,Atlanta
684,Anna-diana,Cornewell,acornewelliz@spiegel.de,Agender,Youspan,Zemio
685,Danette,Bambra,dbambraj0@uiuc.edu,Male,Gabcube,Cheping
686,Aristotle,Olivey,aoliveyj1@blogtalkradio.com,Non-binary,Livefish,Säffle
687,Berta,Walkden,bwalkdenj2@cdbaby.com,Female,Voonte,Pingshan
688,Mahmoud,Cicchitello,mcicchitelloj3@yandex.ru,Bigender,Browsetype,Bystrytsya
689,Cecil,Gorvin,cgorvinj4@vimeo.com,Genderqueer,Vitz,Bichena
690,Penelope,Gilbertson,pgilbertsonj5@gmpg.org,Polygender,Shuffletag,Las Junturas
691,Archibold,Garbett,agarbettj6@mayoclinic.com,Non-binary,Babbleblab,Sławoborze
692,Mano,Wager,mwagerj7@harvard.edu,Male,Feedspan,As Sukhnah
693,Park,Annice,pannicej8@istockphoto.com,Polygender,Trudeo,Agriá
694,Biddy,Polkinghorne,bpolkinghornej9@squidoo.com,Male,Midel,Planken
695,Sissie,Ruprechter,sruprechterja@acquirethisname.com,Male,Avavee,Nanning
696,Cary,Hillin,chillinjb@eventbrite.com,Polygender,Fivebridge,Sa Kaeo
697,Cortie,Starmont,cstarmontjc@springer.com,Genderqueer,Leexo,Liloan
698,Tammy,Rhoddie,trhoddiejd@japanpost.jp,Polygender,Babbleblab,Zoumaling
699,Daphna,Degan,ddeganje@domainmarket.com,Genderqueer,Yotz,Taozhuang
700,Aida,Rigeby,arigebyjf@t-online.de,Polygender,Minyx,Duyure
701,Jobi,Stredder,jstredderjg@linkedin.com,Female,Linkbridge,Klobuky
702,Hale,Skill,hskilljh@nydailynews.com,Male,Realpoint,Viamão
703,Dimitry,Sanbrooke,dsanbrookeji@tamu.edu,Bigender,Zoozzy,Wuluquele
704,Jarid,Antrim,jantrimjj@pinterest.com,Genderfluid,Bubblemix,Ciawi
705,Alane,Guerra,aguerrajk@flavors.me,Polygender,Devify,Ţāqchah Khānah
706,Zarah,Rayworth,zrayworthjl@cmu.edu,Genderqueer,Innotype,Puerto San José
707,Hakim,Lambie,hlambiejm@github.com,Agender,Viva,Pontalina
708,Christophorus,Dykins,cdykinsjn@woothemes.com,Polygender,Realcube,Dejilin
709,Jo,Desvignes,jdesvignesjo@slate.com,Female,Brightbean,Tours
710,Abby,Matasov,amatasovjp@yellowbook.com,Bigender,Topiczoom,Estrada
711,Ashlen,Roset,arosetjq@hc360.com,Genderqueer,Fanoodle,Kose
712,Paule,Frood,pfroodjr@naver.com,Male,Bubblebox,Kukushtan
713,Glendon,Iacomelli,giacomellijs@drupal.org,Non-binary,Tazzy,Nouakchott
714,Marlee,Keer,mkeerjt@cisco.com,Bigender,Mydeo,Huangtukuang
715,Karena,Cobon,kcobonju@nationalgeographic.com,Non-binary,Dynabox,Ambato
716,Godfry,Winchcomb,gwinchcombjv@dedecms.com,Genderfluid,Yakidoo,Daeosin Satu
717,Prentiss,Rainey,praineyjw@mac.com,Genderqueer,Wikivu,Gawul
718,Kincaid,Chasemore,kchasemorejx@gov.uk,Genderfluid,Shuffletag,Temara
719,Alasteir,Buzine,abuzinejy@sina.com.cn,Genderqueer,Jayo,Kut Chum
720,Amalee,Spacie,aspaciejz@geocities.com,Polygender,JumpXS,Feng’an
721,Dusty,Bussons,dbussonsk0@ehow.com,Genderqueer,Feedmix,Wuqiao
722,Juan,Daly,jdalyk1@barnesandnoble.com,Genderfluid,Cogilith,Hongwei
723,Alberik,Bramsom,abramsomk2@tamu.edu,Bigender,Katz,Anqing
724,Georgette,Laxton,glaxtonk3@unesco.org,Female,Riffwire,Nebug
725,Brett,Impson,bimpsonk4@wix.com,Bigender,Fivebridge,Sbo’o
726,Romy,Bealing,rbealingk5@cargocollective.com,Bigender,Meembee,Kuasha
727,Richmound,Gwinn,rgwinnk6@paginegialle.it,Agender,Zoomdog,Bobrovka
728,Genni,Bernardy,gbernardyk7@purevolume.com,Bigender,Meembee,Niugan
729,Dalli,Bondar,dbondark8@jugem.jp,Male,Blogtag,Cangshan
730,Hyacinth,MacGilfoyle,hmacgilfoylek9@sina.com.cn,Agender,Tagtune,Buenos Aires
731,Valeria,Hessle,vhessleka@tiny.cc,Polygender,Devbug,Dumaguil
732,Tom,Isaak,tisaakkb@lycos.com,Genderqueer,Plajo,København
733,Jessika,Kenaway,jkenawaykc@tamu.edu,Genderfluid,Voolith,Zhambyl
734,Albertina,Pressdee,apressdeekd@shinystat.com,Polygender,Topicblab,Floriano
735,Tabby,Youell,tyouellke@zdnet.com,Bigender,Oloo,Las Lomas
736,Sidney,Forsythe,sforsythekf@arstechnica.com,Agender,Digitube,Kedungdowo
737,Benedikt,Tupling,btuplingkg@timesonline.co.uk,Agender,Quinu,Zaysan
738,Basile,Chamberlin,bchamberlinkh@themeforest.net,Female,Demivee,Ústí nad Labem
739,Bobby,Stripp,bstrippki@paginegialle.it,Non-binary,Nlounge,Nanshan
740,Hadria,Bryenton,hbryentonkj@irs.gov,Agender,Meedoo,Besançon
741,Bianka,MacNamara,bmacnamarakk@whitehouse.gov,Genderfluid,Omba,Vanves
742,Man,Belding,mbeldingkl@mapquest.com,Agender,Bluejam,Bizhou
743,Fulvia,Magauran,fmagaurankm@ftc.gov,Non-binary,Flashdog,Keleleng
744,Cordula,Marran,cmarrankn@4shared.com,Bigender,Kwinu,Xingxi
745,Simona,Padgham,spadghamko@feedburner.com,Female,Photojam,Weiwangzhuang
746,Tillie,Gusticke,tgustickekp@salon.com,Agender,Livetube,Jincheng
747,Ardith,Tym,atymkq@howstuffworks.com,Genderfluid,Izio,San Isidro
748,Neala,McGlaughn,nmcglaughnkr@time.com,Genderfluid,Flashset,‘Abbāsābād
749,Siward,Spring,sspringks@infoseek.co.jp,Genderfluid,Oloo,Huaqiao
750,Rivi,Pritchett,rpritchettkt@time.com,Female,Izio,Sheregesh
751,Karie,Rayner,kraynerku@nationalgeographic.com,Male,Photofeed,Kaolack
752,Charita,MacGee,cmacgeekv@github.com,Male,Wikivu,Anse Royale
753,Perrine,Milesop,pmilesopkw@umn.edu,Polygender,Tagtune,Jamundí
754,Berk,Verni,bvernikx@unc.edu,Polygender,Yombu,Bagou
755,Dasi,Gouch,dgouchky@reverbnation.com,Polygender,Mydeo,Greeley
756,Cathy,O'Halloran,cohallorankz@reverbnation.com,Agender,Thoughtworks,Zhengguo
757,Elmer,Harvett,eharvettl0@bbb.org,Genderqueer,Aivee,Niejiahe
758,Leora,Woollin,lwoollinl1@google.es,Bigender,Wordware,Azua
759,Berk,Sporton,bsportonl2@omniture.com,Female,Jabbertype,Bagikkedok Lauk
760,Rosa,Lindback,rlindbackl3@reference.com,Female,Dabtype,Staryy Saltiv
761,Claire,Skyrme,cskyrmel4@pbs.org,Polygender,Lajo,Dambarta
762,Korry,Pizer,kpizerl5@blogs.com,Male,Flipopia,Ra-ngae
763,Eugine,Dowdney,edowdneyl6@home.pl,Genderqueer,Janyx,Larache
764,Courtney,Laker,clakerl7@nifty.com,Agender,Riffpedia,Sijiu
765,Diann,Kave,dkavel8@dailymail.co.uk,Female,Pixonyx,Fayzabad
766,Emmett,Eagle,eeaglel9@yelp.com,Non-binary,JumpXS,Stockholm
767,Ronnie,Speerman,rspeermanla@pinterest.com,Genderfluid,Gigazoom,Ersekë
768,Margarete,Kefford,mkeffordlb@technorati.com,Polygender,Blogpad,Tawaramoto
769,Catherina,Trevethan,ctrevethanlc@loc.gov,Genderfluid,Wikivu,Oras
770,Myriam,Bonniface,mbonnifaceld@techcrunch.com,Female,Trupe,Bodega
771,Rickard,Grigori,rgrigorile@godaddy.com,Non-binary,Skipstorm,Fifi
772,Mehetabel,Lorkin,mlorkinlf@indiegogo.com,Female,Zoovu,Niuzhuang
773,Zachariah,Baudry,zbaudrylg@ft.com,Polygender,Brainlounge,Sanmiaoqian
774,Alfonse,Bibby,abibbylh@nasa.gov,Agender,Buzzdog,Tbilisskaya
775,Enrika,Finlayson,efinlaysonli@unblog.fr,Bigender,Meembee,Mörön
776,Cookie,Salle,csallelj@businesswire.com,Female,Mybuzz,Lakeland
777,Tiffie,Collen,tcollenlk@tmall.com,Genderfluid,Quatz,Itatiba
778,Kikelia,Prevost,kprevostll@phoca.cz,Polygender,Janyx,Carthage
779,Benjamen,Cabbell,bcabbelllm@sina.com.cn,Male,Brainbox,Bagorejo
780,Jan,Saunter,jsaunterln@state.gov,Non-binary,Kimia,Coronel Belisle
781,Zechariah,Haskayne,zhaskaynelo@sciencedirect.com,Female,Blogpad,Jakubowice Murowane
782,Heidie,McLinden,hmclindenlp@creativecommons.org,Bigender,Meevee,Lajeosa do Mondego
783,Dolley,Yanshonok,dyanshonoklq@weather.com,Female,Vimbo,Alupay
784,Salim,Thaxter,sthaxterlr@sakura.ne.jp,Agender,Kwimbee,Dongdu
785,Ania,Boorer,aboorerls@usnews.com,Non-binary,Tavu,Hedong
786,Eleanor,Riveles,eriveleslt@google.fr,Genderfluid,Wikibox,Bershet’
787,Arlen,Turmell,aturmelllu@cornell.edu,Non-binary,Oyoloo,Sibulan
788,Karlyn,Milburne,kmilburnelv@flavors.me,Genderqueer,Eazzy,Altıağac
789,Henrieta,Brake,hbrakelw@tumblr.com,Agender,Youtags,Enonkoski
790,Luz,Keijser,lkeijserlx@yelp.com,Bigender,Yambee,Wuku
791,Merwin,Lisle,mlislely@skyrock.com,Genderqueer,Janyx,Verkhniye Kigi
792,Cheslie,Antosch,cantoschlz@yale.edu,Non-binary,Livefish,Mūsá Qal‘ah
793,Cornelia,Harbor,charborm0@photobucket.com,Genderqueer,Quatz,Potou
794,Eric,Carnduff,ecarnduffm1@irs.gov,Agender,Realmix,Cuauhtemoc
795,Bob,Trevino,btrevinom2@prweb.com,Male,Babbleset,Rājbirāj
796,Catlaina,Clemenzo,cclemenzom3@fastcompany.com,Agender,Rhybox,Dagur
797,Bamby,Kennon,bkennonm4@163.com,Non-binary,Eare,Altay sumu
798,Hadrian,Nicklen,hnicklenm5@sogou.com,Polygender,Devpulse,Sarbīsheh
799,Tamarra,Cheeney,tcheeneym6@mapy.cz,Genderqueer,Dynabox,Vicente Guerrero
800,Thaxter,Vondrys,tvondrysm7@exblog.jp,Non-binary,Photolist,Ayapel
801,Jordain,Delany,jdelanym8@europa.eu,Bigender,Bluezoom,Shanguang
802,Wilhelm,Mungin,wmunginm9@accuweather.com,Non-binary,Linkbuzz,Timahankrajan
803,Vere,Dionisi,vdionisima@google.cn,Male,Realpoint,Rongxi
804,Arabella,Middleditch,amiddleditchmb@mysql.com,Female,Skippad,Petaling Jaya
805,Stephanus,Moden,smodenmc@opera.com,Bigender,Katz,Putina
806,Osbert,Haizelden,ohaizeldenmd@shop-pro.jp,Bigender,Blogpad,Shreveport
807,Guillemette,Railton,grailtonme@craigslist.org,Male,Zoombeat,Ciechocin
808,Eduard,Pennycord,epennycordmf@deliciousdays.com,Non-binary,Wikibox,Borovan
809,Nero,Semrad,nsemradmg@icq.com,Male,Voolith,Bang Nam Priao
810,Bendicty,Allebone,ballebonemh@barnesandnoble.com,Bigender,Skinix,Guanabacoa
811,Vilhelmina,Woodrow,vwoodrowmi@sciencedirect.com,Female,Fanoodle,Eira Nova
812,Octavius,Buchan,obuchanmj@miibeian.gov.cn,Genderfluid,Edgeblab,Sel’tso
813,Bari,Bigadike,bbigadikemk@cargocollective.com,Non-binary,Voolith,Utara
814,Cathryn,Appleford,capplefordml@geocities.com,Non-binary,Edgepulse,Shāhpur Chākar
815,Barbra,Laurenz,blaurenzmm@scientificamerican.com,Polygender,Meembee,San Pablo
816,Ardene,Klos,aklosmn@virginia.edu,Male,Abata,Kalangala
817,Francklin,Tutton,ftuttonmo@networkadvertising.org,Female,Blogpad,‘Izbat al Burj
818,Skylar,Gubbins,sgubbinsmp@moonfruit.com,Agender,Brainsphere,Bao’an
819,Zonda,Greenset,zgreensetmq@hibu.com,Female,Skippad,Kebunkelapa
820,Jermayne,Ramplee,jrampleemr@uiuc.edu,Male,Meevee,Pailou
821,Maxi,McCusker,mmccuskerms@php.net,Non-binary,Talane,Campechuela
822,Jamey,Hebden,jhebdenmt@opensource.org,Agender,Shufflester,Nowe Miasto
823,Nessi,Wadesworth,nwadesworthmu@cmu.edu,Genderfluid,Twimbo,Guangchen
824,Felix,Thrift,fthriftmv@umn.edu,Male,Yakitri,Barrio San Luis
825,Ally,Basley,abasleymw@exblog.jp,Agender,Blognation,Cilated
826,Camella,Larmet,clarmetmx@simplemachines.org,Agender,Realfire,Tchamba
827,Cedric,Arnoll,carnollmy@free.fr,Agender,Vipe,Oliveira
828,Ivor,Seak,iseakmz@mapy.cz,Genderfluid,Quinu,Sandu
829,Christina,Reihm,creihmn0@dagondesign.com,Bigender,Linklinks,Františkovy Lázně
830,Fielding,Stubbington,fstubbingtonn1@arizona.edu,Polygender,Zoovu,Bagu
831,Malinde,Baxendale,mbaxendalen2@samsung.com,Male,Quinu,Wenquan
832,Gertruda,Taffe,gtaffen3@latimes.com,Genderqueer,Twitterwire,Ciputih
833,Fina,Margaritelli,fmargaritellin4@feedburner.com,Genderqueer,Fivebridge,Maesan
834,Gertruda,Magrannell,gmagrannelln5@amazon.co.uk,Male,Thoughtstorm,Chelgard
835,Zollie,Pauleit,zpauleitn6@wunderground.com,Genderfluid,Rhyloo,Lagawe
836,Austine,Stutard,astutardn7@salon.com,Polygender,Trilith,Humen
837,Donnie,O'Corrane,docorranen8@imageshack.us,Male,Realcube,Návsí u Jablunkova
838,Graeme,McFarlane,gmcfarlanen9@engadget.com,Male,Janyx,Jiapeng
839,Cobbie,Spriddle,cspriddlena@xrea.com,Polygender,Fatz,Waco
840,Normy,Voce,nvocenb@icq.com,Non-binary,Tagopia,Ţāmiyah
841,Nancy,Stonehouse,nstonehousenc@blogspot.com,Agender,Realcube,Jiulian
842,Jerry,Skatcher,jskatchernd@china.com.cn,Female,Mymm,Saint-Maur-des-Fossés
843,Basilio,Farmloe,bfarmloene@w3.org,Non-binary,Realpoint,Randuagung
844,Malvin,Baylay,mbaylaynf@amazon.co.uk,Genderfluid,Bubblemix,Karpacz
845,Tamra,Bewsey,tbewseyng@skyrock.com,Female,Nlounge,Fengcheng
846,Edgard,Manvell,emanvellnh@meetup.com,Non-binary,Edgetag,Saint-Ambroise
847,Deanna,Shillam,dshillamni@squarespace.com,Agender,Yombu,Guanaja
848,Debora,Pallant,dpallantnj@cbc.ca,Non-binary,Layo,Kitakyūshū
849,Irena,Hugle,ihuglenk@yandex.ru,Female,Rhyzio,Pingshan
850,Talbert,Elcum,telcumnl@artisteer.com,Male,Viva,Lhasa
851,Gerianna,Leek,gleeknm@imgur.com,Female,Mita,Bugene
852,Hamish,Hevner,hhevnernn@shutterfly.com,Polygender,Yodoo,Jugezhuang
853,Dniren,Margaret,dmargaretno@bbb.org,Polygender,Rhynyx,Banjarbaru
854,Michal,Bon,mbonnp@google.it,Bigender,Brainsphere,Chipaque
855,Theobald,Devall,tdevallnq@cbsnews.com,Genderqueer,Plambee,Paris 02
856,Allyson,Gyenes,agyenesnr@chicagotribune.com,Genderqueer,Tanoodle,Feričanci
857,Shandra,Brogi,sbrogins@ted.com,Bigender,Meejo,Australia Square
858,Hasty,Inseal,hinsealnt@fema.gov,Male,Devpoint,Gradac
859,Freeman,Skellington,fskellingtonnu@prweb.com,Genderfluid,Dabfeed,Yanmen
860,Reece,Lukovic,rlukovicnv@sitemeter.com,Agender,Twiyo,Tianjiazhai
861,Mycah,Fruen,mfruennw@imgur.com,Female,Trudoo,São José de Mipibu
862,Saul,Ketch,sketchnx@acquirethisname.com,Bigender,Meejo,Serednye
863,Hanna,Phear,hphearny@pinterest.com,Non-binary,Bluejam,Guojiaba
864,Sari,Shires,sshiresnz@unc.edu,Female,Linktype,Fada
865,Jackelyn,Janodet,jjanodeto0@oracle.com,Bigender,Buzzdog,Lukrejo
866,Lizzie,Hillam,lhillamo1@spiegel.de,Male,Voonder,Varadero
867,Ernestus,Martinolli,emartinollio2@yolasite.com,Male,Realbridge,Nyandoma
868,Rustie,Panton,rpantono3@wunderground.com,Genderqueer,Fatz,Andrézieux-Bouthéon
869,Evie,Aronin,earonino4@addthis.com,Bigender,Youfeed,Bellavista
870,Ursa,McHale,umchaleo5@alibaba.com,Non-binary,Innotype,Sollefteå
871,Raimund,Lyptrit,rlyptrito6@intel.com,Bigender,Eare,Perelyub
872,Fara,Gooderridge,fgooderridgeo7@51.la,Polygender,Cogidoo,Luksuhin
873,Orelie,Pearcy,opearcyo8@whitehouse.gov,Female,Rhybox,Damawato
874,Dorrie,Costelloe,dcostelloeo9@msn.com,Non-binary,Wordpedia,Tomakivka
875,Maxy,Mullineux,mmullineuxoa@weather.com,Genderqueer,Thoughtworks,Murcia
876,Vivienne,Imesen,vimesenob@ameblo.jp,Genderqueer,Skynoodle,Olds
877,Cyrus,Woolfoot,cwoolfootoc@ifeng.com,Bigender,Zoomlounge,Betio Village
878,Dollie,Spours,dspoursod@technorati.com,Non-binary,Gigaclub,Aranđelovac
879,Renaldo,Dines,rdinesoe@dyndns.org,Bigender,Wordify,Meijiang
880,Briney,O'Keenan,bokeenanof@webnode.com,Polygender,Brainlounge,Cleveland
881,Junina,Franklin,jfranklinog@de.vu,Non-binary,Shuffledrive,El Zapotal del Norte
882,Dacey,MacLaverty,dmaclavertyoh@youtu.be,Female,Roodel,Antwerpen
883,Diena,Rowsell,drowselloi@mit.edu,Agender,Linkbridge,Osiek nad Notecią
884,Winna,Adams,wadamsoj@yale.edu,Agender,Feedbug,Jiepai
885,Leonard,Matisoff,lmatisoffok@tinyurl.com,Polygender,Blognation,Boršice
886,Barbi,Goreway,bgorewayol@salon.com,Genderfluid,Thoughtbeat,Ōsaka-shi
887,Edwin,Padberry,epadberryom@reverbnation.com,Non-binary,Jetpulse,Dongzha
888,Samantha,Strongitharm,sstrongitharmon@people.com.cn,Agender,Quire,Mandalay
889,Andrey,Rawet,arawetoo@purevolume.com,Polygender,Eadel,Kankara
890,Isa,Turmel,iturmelop@archive.org,Female,Browsezoom,Brikcha
891,Celka,Sherbrook,csherbrookoq@hostgator.com,Bigender,Skipstorm,Yamada
892,Bria,Emmot,bemmotor@google.ca,Agender,Centizu,Moville
893,Letty,Spearett,lspearettos@cpanel.net,Bigender,Jabbersphere,Saint-Laurent-Blangy
894,Helen,Darbey,hdarbeyot@printfriendly.com,Agender,Plambee,Tongyu
895,Silvain,Gillinghams,sgillinghamsou@icio.us,Genderfluid,Zoomlounge,Huanfeng
896,Crichton,Gehricke,cgehrickeov@github.io,Genderqueer,Linkbridge,Kowŏn-ŭp
897,Jason,Madsen,jmadsenow@nymag.com,Polygender,Ainyx,Bratislava
898,Garrek,Cometto,gcomettoox@cloudflare.com,Agender,Agivu,Deshan
899,Beauregard,Metcalfe,bmetcalfeoy@ucoz.com,Bigender,Abatz,Luleå
900,Graeme,Iowarch,giowarchoz@go.com,Polygender,Edgeclub,Presidente Venceslau
901,Tremaine,Theml,tthemlp0@wiley.com,Non-binary,Skippad,Fada
902,Lindsey,Belliveau,lbelliveaup1@apache.org,Agender,Oba,Mrzeżyno
903,Noam,Nehls,nnehlsp2@who.int,Polygender,Gabtune,Fucha
904,Madge,Bramford,mbramfordp3@pagesperso-orange.fr,Non-binary,Rhynyx,Kafr Takhārīm
905,Marleah,Guillerman,mguillermanp4@imdb.com,Genderqueer,Jaxbean,Khabarovsk
906,Gery,Antunez,gantunezp5@spotify.com,Male,Feedbug,Veiros
907,Fredia,Iddins,fiddinsp6@nps.gov,Polygender,Wikibox,Casal
908,Alica,Baudts,abaudtsp7@google.com.hk,Bigender,Abatz,Taluksangay
909,Colas,Inkles,cinklesp8@edublogs.org,Genderfluid,Fivebridge,Ananindeua
910,Jazmin,Strutz,jstrutzp9@dedecms.com,Bigender,Fivebridge,Shibirghān
911,Goldie,Josebury,gjoseburypa@deliciousdays.com,Polygender,Tambee,Lucma
912,Simeon,Ingarfield,singarfieldpb@moonfruit.com,Polygender,Gabspot,Plettenberg Bay
913,Cathrine,Dayce,cdaycepc@usgs.gov,Genderfluid,Ainyx,Rakitovo
914,Hadlee,Shelbourne,hshelbournepd@illinois.edu,Male,Yakidoo,Kemisē
915,Lorenza,Van Der Walt,lvanderwaltpe@stanford.edu,Non-binary,Wordware,Krajan Kinanti
916,Corby,Loins,cloinspf@webs.com,Female,LiveZ,Vyborg
917,Emmalyn,Wilcott,ewilcottpg@clickbank.net,Bigender,Innojam,Huangxikou
918,Talbot,Levecque,tlevecqueph@paginegialle.it,Genderfluid,Kaymbo,Maguan
919,Lincoln,Cudd,lcuddpi@nature.com,Non-binary,Cogibox,Dayton
920,Karlotta,Fehners,kfehnerspj@scribd.com,Polygender,Meeveo,Julun
921,Janaye,Heskins,jheskinspk@ow.ly,Female,Trudeo,Bulqizë
922,Munroe,Dashper,mdashperpl@kickstarter.com,Agender,Kare,Lens
923,Marianna,Nunes Nabarro,mnunesnabarropm@bluehost.com,Agender,Teklist,Jiekou
924,Charlie,Avrahamy,cavrahamypn@uiuc.edu,Polygender,Rhynyx,Cheonan
925,Nevsa,Enriques,nenriquespo@nytimes.com,Non-binary,Quatz,Mocímboa
926,Corrianne,Lampet,clampetpp@ameblo.jp,Male,Quimba,Kaustinen
927,Aylmer,McQuorkell,amcquorkellpq@trellian.com,Female,Oodoo,Taramana
928,Fayina,Willison,fwillisonpr@desdev.cn,Non-binary,Katz,Jingzhu
929,Ermentrude,Hedden,eheddenps@alibaba.com,Genderfluid,Ozu,Huangguan
930,Bjorn,Barts,bbartspt@tripod.com,Bigender,Voonte,Shipu
931,Jabez,Batrick,jbatrickpu@shop-pro.jp,Female,Skippad,La Foa
932,Ollie,Chamberlayne,ochamberlaynepv@bigcartel.com,Bigender,Eire,Zarqa
933,Che,Colls,ccollspw@liveinternet.ru,Female,Wordpedia,Nanae
934,Dunstan,Noli,dnolipx@t.co,Polygender,Topicshots,Pumaqangtang
935,Belicia,Riggott,briggottpy@feedburner.com,Agender,Divape,Borovikha
936,Kary,Bouller,kboullerpz@symantec.com,Genderqueer,Pixonyx,Molagavita
937,Bunnie,Dougliss,bdouglissq0@cdbaby.com,Non-binary,Vipe,Grygov
938,Gannie,Phelipeaux,gphelipeauxq1@twitter.com,Non-binary,Zooxo,Dzüünbulag
939,Thekla,Klisch,tklischq2@mtv.com,Male,Twitterworks,Huangjindong
940,Esmaria,Spears,espearsq3@soundcloud.com,Male,Tagfeed,Fusheng
941,Gunther,Mazzilli,gmazzilliq4@hostgator.com,Bigender,Flipbug,Charlotte
942,Paolo,Calcraft,pcalcraftq5@gnu.org,Female,Topiclounge,Myadzyel
943,Prince,Wackett,pwackettq6@mapquest.com,Female,Camido,Kasserine
944,Christoffer,Darnody,cdarnodyq7@amazonaws.com,Agender,Zoombox,Salogon
945,Husain,Klimschak,hklimschakq8@yellowpages.com,Male,Realcube,Novonikol’sk
946,Morse,Hearty,mheartyq9@hubpages.com,Bigender,Bluejam,Noormarkku
947,Ange,Edden,aeddenqa@mail.ru,Female,Tekfly,Komga
948,Nickey,Scotchforth,nscotchforthqb@tinypic.com,Agender,Meembee,Garoua
949,Farlee,Gasperi,fgasperiqc@reverbnation.com,Male,Gigashots,Lishui
950,Lee,Whitebrook,lwhitebrookqd@angelfire.com,Male,Flashspan,Byerazino
951,Mic,Dalgety,mdalgetyqe@marriott.com,Genderqueer,Photobean,Massy
952,Roselle,Prium,rpriumqf@adobe.com,Male,Fatz,Nanwai
953,Shane,Goodlett,sgoodlettqg@loc.gov,Agender,Tagpad,Pergamos
954,Cris,Poxon,cpoxonqh@tamu.edu,Polygender,Omba,Real
955,Helyn,Harmston,hharmstonqi@vistaprint.com,Genderqueer,Thoughtstorm,Jeremi
956,Lynnet,Haskey,lhaskeyqj@npr.org,Genderqueer,Meevee,Circa
957,Nikolia,Kamiyama,nkamiyamaqk@hud.gov,Polygender,Snaptags,Nanhai
958,Glyn,Maskelyne,gmaskelyneql@constantcontact.com,Non-binary,Kare,Yutou
959,Jorry,Newsham,jnewshamqm@instagram.com,Non-binary,Buzzster,Yotsukaidō
960,Giulia,Hugenin,ghugeninqn@sfgate.com,Agender,Janyx,Chengui
961,Wynn,Pioch,wpiochqo@webeden.co.uk,Genderqueer,Flashset,Mugala
962,Wilfrid,Tabbitt,wtabbittqp@rambler.ru,Bigender,Linkbridge,Kórnik
963,Lethia,Housaman,lhousamanqq@delicious.com,Genderfluid,Gabcube,Stara Kiszewa
964,Eloisa,Gerlack,egerlackqr@uiuc.edu,Bigender,Mydeo,Shahumyan
965,Taddeusz,Hamsher,thamsherqs@acquirethisname.com,Non-binary,Twiyo,Warmare
966,Evin,Pinwell,epinwellqt@dyndns.org,Polygender,Npath,Jablanovec
967,Sascha,Swatheridge,sswatheridgequ@google.it,Male,Gabtune,Saint-Herblain
968,Judy,Williment,jwillimentqv@macromedia.com,Male,Eabox,Sandviken
969,Fabien,Brockington,fbrockingtonqw@g.co,Bigender,Jabbercube,Tugulym
970,Hartley,Gillbee,hgillbeeqx@independent.co.uk,Genderqueer,Jaxspan,Gnojnik
971,Guinevere,Kidson,gkidsonqy@1und1.de,Bigender,Oyonder,Swan Hills
972,Sibby,Izkovitz,sizkovitzqz@wufoo.com,Bigender,Yabox,Porto Alto
973,Joana,Camilio,jcamilior0@mtv.com,Male,Einti,Condado
974,Claresta,Wilbud,cwilbudr1@angelfire.com,Genderfluid,Skibox,Litibakul
975,Billie,Endrighi,bendrighir2@is.gd,Polygender,Linkbridge,Cibitung
976,Durant,Edgeson,dedgesonr3@businessinsider.com,Genderqueer,Yata,Lubumbashi
977,Pancho,Vernazza,pvernazzar4@bloglovin.com,Female,Skalith,Ash Shaykh Zuwayd
978,Rennie,Wastell,rwastellr5@bbc.co.uk,Male,Muxo,Jintun
979,Consalve,Braghini,cbraghinir6@rediff.com,Genderfluid,Devpulse,Carpenter
980,Didi,Dabinett,ddabinettr7@opera.com,Genderqueer,Fanoodle,Pengshi
981,Guido,Orred,gorredr8@eventbrite.com,Polygender,Shufflester,Moravče
982,Bebe,Dowson,bdowsonr9@free.fr,Female,Trupe,MacArthur
983,Zulema,Pringuer,zpringuerra@t.co,Genderqueer,Eazzy,Ngenden
984,Tiphani,Rivaland,trivalandrb@hhs.gov,Non-binary,Rooxo,Dera Bugti
985,Ring,Entres,rentresrc@artisteer.com,Polygender,Skiba,Ouro Sogui
986,Emelda,MacNeice,emacneicerd@usnews.com,Genderqueer,Devify,Nurmo
987,Wilt,Jenicke,wjenickere@digg.com,Genderfluid,Mydeo,Mengdadazhuang
988,Albertine,Mapson,amapsonrf@linkedin.com,Polygender,Trudeo,Yangqiao
989,Andie,Bedford,abedfordrg@vk.com,Non-binary,Plambee,Zherdevka
990,Pippa,Wolfenden,pwolfendenrh@dropbox.com,Non-binary,Jayo,Kerep Wetan
991,Edouard,Mannie,emannieri@japanpost.jp,Male,Vipe,Toulouse
992,Gavra,Goring,ggoringrj@t-online.de,Bigender,Wikivu,Périgueux
993,Hayward,Morsley,hmorsleyrk@merriam-webster.com,Genderfluid,Blogspan,Roun Satu
994,Priscella,Janicek,pjanicekrl@usatoday.com,Non-binary,Browsebug,Baijiang
995,Marline,Magovern,mmagovernrm@soup.io,Female,Teklist,Ambelókipoi
996,Forester,Charlson,fcharlsonrn@yolasite.com,Genderfluid,Flipstorm,Chiguata
997,Marjory,Dri,mdriro@state.gov,Bigender,Twitternation,Rinconada
998,Sophronia,Corrison,scorrisonrp@usnews.com,Bigender,Jaxworks,Vecpiebalga
999,Jodie,Kupec,jkupecrq@bravesites.com,Bigender,Browsezoom,Paço
1000,Dania,Wyburn,dwyburnrr@hp.com,Genderqueer,Photofeed,Dongdajie
1001,Man,Wyburn,dwyburnrr@hp.com,Genderqueer,Photofeed,Dongdajie